status,case_name,molecule,pf_label,rotation_precision,reaction_time,qasm_hash,optimized_ir_hash,source_cache_key,topology_path,topology_hash,factory_coordinate_set,trapped_coordinate_free_neighbors,weighted_cnot_distance,weighted_cnot_distance_delta_vs_baseline,weighted_nearest_factory_distance,weighted_nearest_factory_distance_delta_vs_baseline,weighted_nearest_factory_distance_mean,runtime,runtime_without_topology,runtime_topology_overhead,measurement_feedback_count,measurement_feedback_depth,magic_state_consumption_count,magic_state_consumption_depth,qubit_volume,code_distance,physical_qubits,magic_failed_attempts,factory_egress_blocked,factory_egress_blocked_fraction,magic_mean_path_coordinates,magic_max_path_coordinates,cnot_attempts,cnot_failed_attempts,cnot_failed_attempt_fraction,cnot_mean_path_coordinates,cnot_max_path_coordinates,magic_total_stock_min,magic_total_stock_mean,magic_available_factory_count_mean,trapped_coordinate_use_count,semantic_match,reason_sum_matches,elapsed_seconds,gnu_time_max_rss_kb,gnu_time_swaps,qret_executable_hash,qret_core_library_hash,diagnostic_patch_sha256,magic_failure_classical_dependency_wait,magic_failure_condition_wait,magic_failure_qubit_busy,magic_failure_no_magic_stock,magic_failure_factory_egress_blocked,magic_failure_target_access_blocked,magic_failure_route_disconnected,magic_failure_other,magic_factory_0_use_count,magic_factory_0_coord,magic_factory_1_use_count,magic_factory_1_coord,magic_factory_2_use_count,magic_factory_2_coord,magic_factory_3_use_count,magic_factory_3_coord,routing_diagnostic_path,routing_condition,banned_cells,banned_cell_count,usable_non_factory_cell_count,minimum_initial_free_neighbors,obstacle_aware_cnot_max_distance,runtime_delta_vs_remote_control,runtime_change_pct_vs_remote_control,qubit_volume_change_pct_vs_remote_control
ok,h4_p1e-05_remote_ban_control,H4,4th(new_2),1e-05,1,8690906cc9b138208b404e19cbe63537f4939ef24d3a0bfd4144174f03d90e82,6bca956b993ce88c16105a9cca48e0bb8b48bef7446d3cd872aa30a622c1cf0b,50cb40f83797b2c7,configs/topologies/routing_capacity_h4_h7_4th/h4_remote_ban_control.yaml,315a9390da3b3a5dbc285e590ac377395bb16ae7aa603235963466268f5f092b,"[[4, 4], [4, 5], [5, 4], [5, 5]]",2,71644,0,25,0,2.7777777777777777,814084,814083,1,184600,173748,184600,173748,8631388,13,29744,215206,0,0.0,1.8459371614301192,15,47555,32427,0.6818841341604458,4.5606821787414065,14,0,8676.103890713812,3.3945933907973256,0,True,True,5.451608910225332,310696,0,d519cdb25446cf243053e84ffa559b7e6bd7dbd66365e1488d632208616dbbf5,f833e2b5dc5f8449ea8522d71699e209c6c3c94638333c6d930f4d6475eefd90,65180e945107e8f68eda3fea8561655a1f9dc5e0ff3f349065d1c0585bcf722c,0,0,202233,12970,0,2,1,0,54271,"4,4",54229,"4,5",52709,"5,4",23391,"5,5",artifacts/surface_code_routing_capacity_sweep_h4_h7_4th_paired/diagnostics/h4_p1e-05_remote_ban_control.json,remote_ban_control,"[[0, 0], [0, 9], [1, 0], [1, 9], [8, 0], [8, 9], [9, 0], [9, 9]]",8,88,2,10,0,0.0,0.0
ok,h4_p1e-05_distributed_obstacles,H4,4th(new_2),1e-05,1,8690906cc9b138208b404e19cbe63537f4939ef24d3a0bfd4144174f03d90e82,6bca956b993ce88c16105a9cca48e0bb8b48bef7446d3cd872aa30a622c1cf0b,50cb40f83797b2c7,configs/topologies/routing_capacity_h4_h7_4th/h4_distributed_obstacles.yaml,a4ecc2b365bf08c1b26bcb790496db0ff6ea5267551d54190158ec21c77878b8,"[[4, 4], [4, 5], [5, 4], [5, 5]]",2,71644,0,25,0,2.7777777777777777,814085,814083,2,184600,173748,184600,173748,8634201,13,29744,215314,0,0.0,1.8498374864572047,24,47508,32380,0.6815694198871769,4.629561078794289,18,0,8668.3153837204,3.3966552510838057,0,True,True,5.408261452801526,310048,0,d519cdb25446cf243053e84ffa559b7e6bd7dbd66365e1488d632208616dbbf5,f833e2b5dc5f8449ea8522d71699e209c6c3c94638333c6d930f4d6475eefd90,65180e945107e8f68eda3fea8561655a1f9dc5e0ff3f349065d1c0585bcf722c,0,0,202231,12971,0,102,10,0,54271,"4,4",54229,"4,5",52699,"5,4",23401,"5,5",artifacts/surface_code_routing_capacity_sweep_h4_h7_4th_paired/diagnostics/h4_p1e-05_distributed_obstacles.json,distributed_obstacles,"[[1, 3], [1, 6], [3, 1], [3, 8], [6, 1], [6, 8], [8, 3], [8, 7]]",8,88,2,10,1,0.00012283744674768116,0.03259035510858599
ok,h4_p1e-05_central_choke,H4,4th(new_2),1e-05,1,8690906cc9b138208b404e19cbe63537f4939ef24d3a0bfd4144174f03d90e82,6bca956b993ce88c16105a9cca48e0bb8b48bef7446d3cd872aa30a622c1cf0b,50cb40f83797b2c7,configs/topologies/routing_capacity_h4_h7_4th/h4_central_choke.yaml,0cf3e9073dfccfd36197c2417f5abea0509a5b07354b6379e4d2050bd691f273,"[[4, 4], [4, 5], [5, 4], [5, 5]]",2,122940,51296,25,0,2.7777777777777777,814097,814083,14,184600,173748,184600,173748,8866434,13,29744,216187,13,6.0133125488581645e-05,2.5501462621885156,27,47679,32551,0.6827114662639736,8.028424114225277,26,0,8063.156572639653,3.2971741434122217,0,True,True,5.562122129835188,313312,0,d519cdb25446cf243053e84ffa559b7e6bd7dbd66365e1488d632208616dbbf5,f833e2b5dc5f8449ea8522d71699e209c6c3c94638333c6d930f4d6475eefd90,65180e945107e8f68eda3fea8561655a1f9dc5e0ff3f349065d1c0585bcf722c,0,0,202617,13310,13,63,184,0,54272,"4,4",54264,"4,5",54101,"5,4",21963,"5,5",artifacts/surface_code_routing_capacity_sweep_h4_h7_4th_paired/diagnostics/h4_p1e-05_central_choke.json,central_choke,"[[3, 0], [3, 2], [3, 3], [3, 6], [3, 7], [3, 8], [3, 9], [9, 9]]",8,88,2,19,13,0.0015968868077420595,2.7231541439221685
ok,h4_p1e-02_remote_ban_control,H4,4th(new_2),0.01,1,8690906cc9b138208b404e19cbe63537f4939ef24d3a0bfd4144174f03d90e82,a1ace4d59abc1087de57110bf2afac5bb3c13c599d0d9d8929992f48cde6013d,f964909bc189bf5c,configs/topologies/routing_capacity_h4_h7_4th/h4_remote_ban_control.yaml,315a9390da3b3a5dbc285e590ac377395bb16ae7aa603235963466268f5f092b,"[[4, 4], [4, 5], [5, 4], [5, 5]]",2,71644,0,25,0,2.7777777777777777,146410,146409,1,11716,10176,11716,10176,1767368,13,29744,16016,0,0.0,1.8575452372823489,14,50799,35671,0.7021988621823264,4.529481755684823,14,0,12319.402834163157,3.4481041746457297,0,True,True,1.202504999935627,96700,0,d519cdb25446cf243053e84ffa559b7e6bd7dbd66365e1488d632208616dbbf5,f833e2b5dc5f8449ea8522d71699e209c6c3c94638333c6d930f4d6475eefd90,65180e945107e8f68eda3fea8561655a1f9dc5e0ff3f349065d1c0585bcf722c,0,0,14677,1333,0,6,0,0,2793,"4,4",3952,"4,5",3059,"5,4",1912,"5,5",artifacts/surface_code_routing_capacity_sweep_h4_h7_4th_paired/diagnostics/h4_p1e-02_remote_ban_control.json,remote_ban_control,"[[0, 0], [0, 9], [1, 0], [1, 9], [8, 0], [8, 9], [9, 0], [9, 9]]",8,88,2,10,0,0.0,0.0
ok,h4_p1e-02_distributed_obstacles,H4,4th(new_2),0.01,1,8690906cc9b138208b404e19cbe63537f4939ef24d3a0bfd4144174f03d90e82,a1ace4d59abc1087de57110bf2afac5bb3c13c599d0d9d8929992f48cde6013d,f964909bc189bf5c,configs/topologies/routing_capacity_h4_h7_4th/h4_distributed_obstacles.yaml,a4ecc2b365bf08c1b26bcb790496db0ff6ea5267551d54190158ec21c77878b8,"[[4, 4], [4, 5], [5, 4], [5, 5]]",2,71644,0,25,0,2.7777777777777777,146412,146409,3,11716,10176,11716,10176,1769546,13,29744,16038,0,0.0,1.8951007169682486,18,50745,35617,0.7018819588136762,4.586329984135378,18,0,12321.950214132763,3.4490669929642093,0,True,True,1.14842913672328,96884,0,d519cdb25446cf243053e84ffa559b7e6bd7dbd66365e1488d632208616dbbf5,f833e2b5dc5f8449ea8522d71699e209c6c3c94638333c6d930f4d6475eefd90,65180e945107e8f68eda3fea8561655a1f9dc5e0ff3f349065d1c0585bcf722c,0,0,14678,1333,0,23,4,0,2794,"4,4",3940,"4,5",3083,"5,4",1899,"5,5",artifacts/surface_code_routing_capacity_sweep_h4_h7_4th_paired/diagnostics/h4_p1e-02_distributed_obstacles.json,distributed_obstacles,"[[1, 3], [1, 6], [3, 1], [3, 8], [6, 1], [6, 8], [8, 3], [8, 7]]",8,88,2,10,2,0.0013660269107207412,0.12323409725647494
ok,h4_p1e-02_central_choke,H4,4th(new_2),0.01,1,8690906cc9b138208b404e19cbe63537f4939ef24d3a0bfd4144174f03d90e82,a1ace4d59abc1087de57110bf2afac5bb3c13c599d0d9d8929992f48cde6013d,f964909bc189bf5c,configs/topologies/routing_capacity_h4_h7_4th/h4_central_choke.yaml,0cf3e9073dfccfd36197c2417f5abea0509a5b07354b6379e4d2050bd691f273,"[[4, 4], [4, 5], [5, 4], [5, 5]]",2,122940,51296,25,0,2.7777777777777777,146418,146409,9,11716,10176,11716,10176,1883794,13,29744,16172,1,6.183527083848628e-05,2.23497780812564,25,50661,35533,0.7013876551982787,8.228979375991539,24,0,12317.722852142151,3.4460086751388785,0,True,True,1.179559544660151,97000,0,d519cdb25446cf243053e84ffa559b7e6bd7dbd66365e1488d632208616dbbf5,f833e2b5dc5f8449ea8522d71699e209c6c3c94638333c6d930f4d6475eefd90,65180e945107e8f68eda3fea8561655a1f9dc5e0ff3f349065d1c0585bcf722c,0,0,14747,1337,1,37,50,0,2781,"4,4",3897,"4,5",3122,"5,4",1916,"5,5",artifacts/surface_code_routing_capacity_sweep_h4_h7_4th_paired/diagnostics/h4_p1e-02_central_choke.json,central_choke,"[[3, 0], [3, 2], [3, 3], [3, 6], [3, 7], [3, 8], [3, 9], [9, 9]]",8,88,2,19,8,0.005464107642927374,6.5875358159704245
ok,h5_p1e-05_remote_ban_control,H5,4th(new_2),1e-05,1,e6248f75189a660f83bf043f3d95b4f557339da84775960bbbb8f0d14115e3e6,be867c2d23c889f82e0ad84860ad4cefeb908e09452eaa30a2b3a5b04b5e3b4d,36f8bb9ebf40ede2,configs/topologies/routing_capacity_h4_h7_4th/h5_remote_ban_control.yaml,019747f2ad865de52adc4f55a7de90a37f8036f43ba446ba0c2739f6e5bf0e71,"[[4, 4], [4, 5], [5, 4], [5, 5]]",2,225172,0,35,0,3.1818181818181817,2122291,2122265,26,475906,451262,475906,451262,26955591,15,39600,528498,1,1.8921547479839092e-06,2.152263262072762,23,141660,97340,0.687138218269095,4.770803249097473,18,0,11780.327189720332,3.5327790375409425,0,True,True,14.657022544182837,821336,0,d519cdb25446cf243053e84ffa559b7e6bd7dbd66365e1488d632208616dbbf5,f833e2b5dc5f8449ea8522d71699e209c6c3c94638333c6d930f4d6475eefd90,65180e945107e8f68eda3fea8561655a1f9dc5e0ff3f349065d1c0585bcf722c,0,0,508279,20198,1,15,5,0,141484,"4,4",138071,"4,5",141480,"5,4",54871,"5,5",artifacts/surface_code_routing_capacity_sweep_h4_h7_4th_paired/diagnostics/h5_p1e-05_remote_ban_control.json,remote_ban_control,"[[0, 0], [0, 9], [1, 0], [1, 9], [8, 0], [8, 9], [9, 0], [9, 9]]",8,88,2,12,0,0.0,0.0
ok,h5_p1e-05_distributed_obstacles,H5,4th(new_2),1e-05,1,e6248f75189a660f83bf043f3d95b4f557339da84775960bbbb8f0d14115e3e6,be867c2d23c889f82e0ad84860ad4cefeb908e09452eaa30a2b3a5b04b5e3b4d,36f8bb9ebf40ede2,configs/topologies/routing_capacity_h4_h7_4th/h5_distributed_obstacles.yaml,d484fdf7599d7d8a632a940a77642d1fcddb0fba27b38dc5adc3a77793326bb5,"[[4, 4], [4, 5], [5, 4], [5, 5]]",2,226820,1648,35,0,3.1818181818181817,2122292,2122265,27,475906,451262,475906,451262,27041235,15,39600,528713,1,1.8913853073406554e-06,2.28450996625384,22,141571,97251,0.6869415346363309,5.0268501805054155,18,0,11785.183701017428,3.532509318021557,0,True,True,14.722731625661254,821992,0,d519cdb25446cf243053e84ffa559b7e6bd7dbd66365e1488d632208616dbbf5,f833e2b5dc5f8449ea8522d71699e209c6c3c94638333c6d930f4d6475eefd90,65180e945107e8f68eda3fea8561655a1f9dc5e0ff3f349065d1c0585bcf722c,0,0,508269,20213,1,225,5,0,141484,"4,4",138056,"4,5",141480,"5,4",54886,"5,5",artifacts/surface_code_routing_capacity_sweep_h4_h7_4th_paired/diagnostics/h5_p1e-05_distributed_obstacles.json,distributed_obstacles,"[[1, 3], [1, 6], [3, 1], [3, 8], [6, 1], [6, 8], [8, 3], [8, 7]]",8,88,2,12,1,4.7118891810526975e-05,0.31772258304409995
ok,h5_p1e-05_central_choke,H5,4th(new_2),1e-05,1,e6248f75189a660f83bf043f3d95b4f557339da84775960bbbb8f0d14115e3e6,be867c2d23c889f82e0ad84860ad4cefeb908e09452eaa30a2b3a5b04b5e3b4d,36f8bb9ebf40ede2,configs/topologies/routing_capacity_h4_h7_4th/h5_central_choke.yaml,fdd55baa04cec79c07eb7f410f87a9e17e0707520084705f2a53636b4cb43e4c,"[[4, 4], [4, 5], [5, 4], [5, 5]]",2,359364,134192,35,0,3.1818181818181817,2122340,2122265,75,475906,451262,475906,451262,27406639,15,39600,528509,5,9.460576830290497e-06,2.45998999802482,29,142156,97836,0.6882298320155322,8.200992779783393,24,0,13774.425186002763,3.5393093224947534,0,True,True,15.108649608679116,829420,0,d519cdb25446cf243053e84ffa559b7e6bd7dbd66365e1488d632208616dbbf5,f833e2b5dc5f8449ea8522d71699e209c6c3c94638333c6d930f4d6475eefd90,65180e945107e8f68eda3fea8561655a1f9dc5e0ff3f349065d1c0585bcf722c,0,0,507917,19963,5,276,348,0,141488,"4,4",134015,"4,5",141447,"5,4",58956,"5,5",artifacts/surface_code_routing_capacity_sweep_h4_h7_4th_paired/diagnostics/h5_p1e-05_central_choke.json,central_choke,"[[3, 0], [3, 2], [3, 3], [3, 6], [3, 7], [3, 8], [3, 9], [9, 9]]",8,88,2,21,49,0.0023088256982717326,1.6733003553882408
ok,h5_p1e-02_remote_ban_control,H5,4th(new_2),0.01,1,e6248f75189a660f83bf043f3d95b4f557339da84775960bbbb8f0d14115e3e6,37162f0541135fde24e639924577cc2a512bdf0f6df9e5b9c74dec628cfe102a,8557d3f4c12c6eeb,configs/topologies/routing_capacity_h4_h7_4th/h5_remote_ban_control.yaml,019747f2ad865de52adc4f55a7de90a37f8036f43ba446ba0c2739f6e5bf0e71,"[[4, 4], [4, 5], [5, 4], [5, 5]]",2,225172,0,35,0,3.1818181818181817,362312,362311,1,18938,17284,18938,17284,5208385,13,29744,23094,0,0.0,2.1955855950997996,14,150957,106637,0.7064064601177819,4.720983754512635,18,0,28461.731900564526,3.6210260473407945,0,True,True,2.905834212899208,233956,0,d519cdb25446cf243053e84ffa559b7e6bd7dbd66365e1488d632208616dbbf5,f833e2b5dc5f8449ea8522d71699e209c6c3c94638333c6d930f4d6475eefd90,65180e945107e8f68eda3fea8561655a1f9dc5e0ff3f349065d1c0585bcf722c,0,0,21838,1235,0,16,5,0,4033,"4,4",5057,"4,5",7117,"5,4",2731,"5,5",artifacts/surface_code_routing_capacity_sweep_h4_h7_4th_paired/diagnostics/h5_p1e-02_remote_ban_control.json,remote_ban_control,"[[0, 0], [0, 9], [1, 0], [1, 9], [8, 0], [8, 9], [9, 0], [9, 9]]",8,88,2,12,0,0.0,0.0
ok,h5_p1e-02_distributed_obstacles,H5,4th(new_2),0.01,1,e6248f75189a660f83bf043f3d95b4f557339da84775960bbbb8f0d14115e3e6,37162f0541135fde24e639924577cc2a512bdf0f6df9e5b9c74dec628cfe102a,8557d3f4c12c6eeb,configs/topologies/routing_capacity_h4_h7_4th/h5_distributed_obstacles.yaml,d484fdf7599d7d8a632a940a77642d1fcddb0fba27b38dc5adc3a77793326bb5,"[[4, 4], [4, 5], [5, 4], [5, 5]]",2,226820,1648,35,0,3.1818181818181817,362312,362311,1,18938,17284,18938,17284,5234033,13,29744,23123,0,0.0,2.3763861020171086,18,150788,106468,0.7060774066901876,4.971705776173285,18,0,28429.7630589632,3.6174317372378315,0,True,True,2.964233516715467,233832,0,d519cdb25446cf243053e84ffa559b7e6bd7dbd66365e1488d632208616dbbf5,f833e2b5dc5f8449ea8522d71699e209c6c3c94638333c6d930f4d6475eefd90,65180e945107e8f68eda3fea8561655a1f9dc5e0ff3f349065d1c0585bcf722c,0,0,21845,1252,0,26,0,0,4006,"4,4",5048,"4,5",7120,"5,4",2764,"5,5",artifacts/surface_code_routing_capacity_sweep_h4_h7_4th_paired/diagnostics/h5_p1e-02_distributed_obstacles.json,distributed_obstacles,"[[1, 3], [1, 6], [3, 1], [3, 8], [6, 1], [6, 8], [8, 3], [8, 7]]",8,88,2,12,0,0.0,0.49243671502778863
ok,h5_p1e-02_central_choke,H5,4th(new_2),0.01,1,e6248f75189a660f83bf043f3d95b4f557339da84775960bbbb8f0d14115e3e6,37162f0541135fde24e639924577cc2a512bdf0f6df9e5b9c74dec628cfe102a,8557d3f4c12c6eeb,configs/topologies/routing_capacity_h4_h7_4th/h5_central_choke.yaml,fdd55baa04cec79c07eb7f410f87a9e17e0707520084705f2a53636b4cb43e4c,"[[4, 4], [4, 5], [5, 4], [5, 5]]",2,359364,134192,35,0,3.1818181818181817,362430,362311,119,18938,17284,18938,17284,5504416,13,29744,23138,0,0.0,2.570810011616855,23,151519,107199,0.7074954296160878,7.965839350180506,26,0,28439.407742957574,3.6149314322491213,0,True,True,2.989009161479771,233996,0,d519cdb25446cf243053e84ffa559b7e6bd7dbd66365e1488d632208616dbbf5,f833e2b5dc5f8449ea8522d71699e209c6c3c94638333c6d930f4d6475eefd90,65180e945107e8f68eda3fea8561655a1f9dc5e0ff3f349065d1c0585bcf722c,0,0,21877,1240,0,16,5,0,3999,"4,4",4995,"4,5",7139,"5,4",2805,"5,5",artifacts/surface_code_routing_capacity_sweep_h4_h7_4th_paired/diagnostics/h5_p1e-02_central_choke.json,central_choke,"[[3, 0], [3, 2], [3, 3], [3, 6], [3, 7], [3, 8], [3, 9], [9, 9]]",8,88,2,21,118,0.03256861489544516,5.683738817310924
ok,h6_p1e-05_remote_ban_control,H6,4th(new_2),1e-05,1,4f6d34061c9b4702a6a1d6a0107e7b52a7d246e50442fbf35a4d38f33f32ab76,523b0f82114685895d9f5b9afbdcab89ceb6b664e989851224ded58fcb6f3124,6aed3bb02388754d,configs/topologies/routing_capacity_h4_h7_4th/h6_remote_ban_control.yaml,c29b3117d93c58d9386bdf10dd3d8ae72d9bb864c6b4b5f5848efb87a767559b,"[[4, 4], [4, 5], [5, 4], [5, 5]]",2,568404,0,43,0,3.3076923076923075,4576315,4576285,30,1025480,966388,1025480,966388,67774223,15,39600,1130407,4,3.538548505095952e-06,2.3936429769473806,20,354817,246689,0.6952569916323063,4.852896567031666,19,0,16552.292520966465,3.5277871873875815,0,True,True,33.60962767433375,1735700,0,d519cdb25446cf243053e84ffa559b7e6bd7dbd66365e1488d632208616dbbf5,f833e2b5dc5f8449ea8522d71699e209c6c3c94638333c6d930f4d6475eefd90,65180e945107e8f68eda3fea8561655a1f9dc5e0ff3f349065d1c0585bcf722c,0,0,1107904,22270,4,18,211,0,305073,"4,4",297647,"4,5",304414,"5,4",118346,"5,5",artifacts/surface_code_routing_capacity_sweep_h4_h7_4th_paired/diagnostics/h6_p1e-05_remote_ban_control.json,remote_ban_control,"[[0, 0], [0, 9], [1, 0], [1, 9], [8, 0], [8, 9], [9, 0], [9, 9]]",8,88,2,12,0,0.0,0.0
ok,h6_p1e-05_distributed_obstacles,H6,4th(new_2),1e-05,1,4f6d34061c9b4702a6a1d6a0107e7b52a7d246e50442fbf35a4d38f33f32ab76,523b0f82114685895d9f5b9afbdcab89ceb6b664e989851224ded58fcb6f3124,6aed3bb02388754d,configs/topologies/routing_capacity_h4_h7_4th/h6_distributed_obstacles.yaml,425e4461ab703b24f0272fcd8487b0da376cc261a82520aa194d6b7d23832f9d,"[[4, 4], [4, 5], [5, 4], [5, 5]]",2,587532,19128,43,0,3.3076923076923075,4576329,4576285,44,1025480,966388,1025480,966388,67955319,15,39600,1130669,27,2.3879667701157456e-05,2.4559689121192028,32,354426,246298,0.6949208015213331,5.393922018348624,27,0,17013.390559495936,3.5401976105835007,0,True,True,33.97864762786776,1739144,0,d519cdb25446cf243053e84ffa559b7e6bd7dbd66365e1488d632208616dbbf5,f833e2b5dc5f8449ea8522d71699e209c6c3c94638333c6d930f4d6475eefd90,65180e945107e8f68eda3fea8561655a1f9dc5e0ff3f349065d1c0585bcf722c,0,0,1108027,22254,27,118,243,0,305074,"4,4",297622,"4,5",304181,"5,4",118603,"5,5",artifacts/surface_code_routing_capacity_sweep_h4_h7_4th_paired/diagnostics/h6_p1e-05_distributed_obstacles.json,distributed_obstacles,"[[1, 3], [1, 6], [3, 1], [3, 8], [6, 1], [6, 8], [8, 3], [8, 7]]",8,88,2,12,14,0.0003059229970014954,0.2672048339086075
ok,h6_p1e-05_central_choke,H6,4th(new_2),1e-05,1,4f6d34061c9b4702a6a1d6a0107e7b52a7d246e50442fbf35a4d38f33f32ab76,523b0f82114685895d9f5b9afbdcab89ceb6b664e989851224ded58fcb6f3124,6aed3bb02388754d,configs/topologies/routing_capacity_h4_h7_4th/h6_central_choke.yaml,00bd234df8ced02546b0c0a29aa24d5a6a297cb8a7394a71d73298cc2cbf7ffc,"[[4, 4], [4, 5], [5, 4], [5, 5]]",2,862924,294520,43,0,3.3076923076923075,4576622,4576285,337,1025480,966388,1025480,966388,69394651,15,39600,1135635,671,0.0005908588587001986,3.3354702188243555,29,355829,247701,0.696123699867071,7.861423498076354,24,0,11101.1722829009,3.519571168836597,0,True,True,34.96470346208662,1752480,0,d519cdb25446cf243053e84ffa559b7e6bd7dbd66365e1488d632208616dbbf5,f833e2b5dc5f8449ea8522d71699e209c6c3c94638333c6d930f4d6475eefd90,65180e945107e8f68eda3fea8561655a1f9dc5e0ff3f349065d1c0585bcf722c,0,0,1108393,21936,671,779,3856,0,304267,"4,4",305027,"4,5",305045,"5,4",111141,"5,5",artifacts/surface_code_routing_capacity_sweep_h4_h7_4th_paired/diagnostics/h6_p1e-05_central_choke.json,central_choke,"[[3, 0], [3, 2], [3, 3], [3, 6], [3, 7], [3, 8], [3, 9], [9, 9]]",8,88,2,21,307,0.006708454291270982,2.3909208077531163
ok,h6_p1e-02_remote_ban_control,H6,4th(new_2),0.01,1,4f6d34061c9b4702a6a1d6a0107e7b52a7d246e50442fbf35a4d38f33f32ab76,abc66fbd6086523edeb4a89160b6962b2d8c530e36a4c66c572dc77569acc3c7,596f1aabdd3d6ec2,configs/topologies/routing_capacity_h4_h7_4th/h6_remote_ban_control.yaml,c29b3117d93c58d9386bdf10dd3d8ae72d9bb864c6b4b5f5848efb87a767559b,"[[4, 4], [4, 5], [5, 4], [5, 5]]",2,568404,0,43,0,3.3076923076923075,712906,713072,-166,17330,15290,17330,15290,12047081,15,39600,21309,0,0.0,2.484131563762262,12,379858,271730,0.715346260971205,4.840744303048239,19,0,29594.24587706147,3.5476011994003,0,True,True,6.375580125488341,502664,0,d519cdb25446cf243053e84ffa559b7e6bd7dbd66365e1488d632208616dbbf5,f833e2b5dc5f8449ea8522d71699e209c6c3c94638333c6d930f4d6475eefd90,65180e945107e8f68eda3fea8561655a1f9dc5e0ff3f349065d1c0585bcf722c,0,0,19963,1328,0,18,0,0,4952,"4,4",4688,"4,5",5154,"5,4",2536,"5,5",artifacts/surface_code_routing_capacity_sweep_h4_h7_4th_paired/diagnostics/h6_p1e-02_remote_ban_control.json,remote_ban_control,"[[0, 0], [0, 9], [1, 0], [1, 9], [8, 0], [8, 9], [9, 0], [9, 9]]",8,88,2,12,0,0.0,0.0
ok,h6_p1e-02_distributed_obstacles,H6,4th(new_2),0.01,1,4f6d34061c9b4702a6a1d6a0107e7b52a7d246e50442fbf35a4d38f33f32ab76,abc66fbd6086523edeb4a89160b6962b2d8c530e36a4c66c572dc77569acc3c7,596f1aabdd3d6ec2,configs/topologies/routing_capacity_h4_h7_4th/h6_distributed_obstacles.yaml,425e4461ab703b24f0272fcd8487b0da376cc261a82520aa194d6b7d23832f9d,"[[4, 4], [4, 5], [5, 4], [5, 5]]",2,587532,19128,43,0,3.3076923076923075,712897,713072,-175,17330,15290,17330,15290,12168527,15,39600,21298,0,0.0,2.6419503750721294,30,380301,272173,0.7156778446546288,5.39022269902338,29,0,29593.36674868942,3.548839199743233,0,True,True,6.382525362074375,502816,0,d519cdb25446cf243053e84ffa559b7e6bd7dbd66365e1488d632208616dbbf5,f833e2b5dc5f8449ea8522d71699e209c6c3c94638333c6d930f4d6475eefd90,65180e945107e8f68eda3fea8561655a1f9dc5e0ff3f349065d1c0585bcf722c,0,0,19934,1328,0,26,10,0,4921,"4,4",4688,"4,5",5161,"5,4",2560,"5,5",artifacts/surface_code_routing_capacity_sweep_h4_h7_4th_paired/diagnostics/h6_p1e-02_distributed_obstacles.json,distributed_obstacles,"[[1, 3], [1, 6], [3, 1], [3, 8], [6, 1], [6, 8], [8, 3], [8, 7]]",8,88,2,12,-9,-0.0012624385262616222,1.0080948239660659
ok,h6_p1e-02_central_choke,H6,4th(new_2),0.01,1,4f6d34061c9b4702a6a1d6a0107e7b52a7d246e50442fbf35a4d38f33f32ab76,abc66fbd6086523edeb4a89160b6962b2d8c530e36a4c66c572dc77569acc3c7,596f1aabdd3d6ec2,configs/topologies/routing_capacity_h4_h7_4th/h6_central_choke.yaml,00bd234df8ced02546b0c0a29aa24d5a6a297cb8a7394a71d73298cc2cbf7ffc,"[[4, 4], [4, 5], [5, 4], [5, 5]]",2,862924,294520,43,0,3.3076923076923075,713676,713072,604,17330,15290,17330,15290,12718120,15,39600,21467,0,0.0,3.0577611079053666,19,388606,280478,0.721754167460101,7.851472329091447,28,0,29703.830747308424,3.5581063964534514,0,True,True,6.475100092589855,502928,0,d519cdb25446cf243053e84ffa559b7e6bd7dbd66365e1488d632208616dbbf5,f833e2b5dc5f8449ea8522d71699e209c6c3c94638333c6d930f4d6475eefd90,65180e945107e8f68eda3fea8561655a1f9dc5e0ff3f349065d1c0585bcf722c,0,0,19849,1321,0,64,233,0,3371,"4,4",6143,"4,5",5250,"5,4",2566,"5,5",artifacts/surface_code_routing_capacity_sweep_h4_h7_4th_paired/diagnostics/h6_p1e-02_central_choke.json,central_choke,"[[3, 0], [3, 2], [3, 3], [3, 6], [3, 7], [3, 8], [3, 9], [9, 9]]",8,88,2,21,770,0.10800862946869216,5.5701376955961335
ok,h7_p1e-05_remote_ban_control,H7,4th(new_2),1e-05,1,4406dbfd1fb59a7affb9165a4d61736887111abad5a640859ebc38f0585c6fac,356adddd9d9d958064ddbc64722e855d34bbebb9c40a3ce060d1473e539d02c1,c0878f846b5e27d8,configs/topologies/routing_capacity_h4_h7_4th/h7_remote_ban_control.yaml,b7f1cf25a11aac64a2323378407f2c25142f5880d25ac4760a480643901df037,"[[4, 4], [4, 5], [5, 4], [5, 5]]",2,1254584,0,51,0,3.4,8871700,8870862,838,1971706,1861610,1971706,1861610,149140743,17,50864,2177754,0,0.0,2.2653920006329544,18,768299,539987,0.7028344433612435,5.08582115701321,22,0,19016.270309507567,3.7129602192386706,0,True,True,67.13741540443152,3355464,0,d519cdb25446cf243053e84ffa559b7e6bd7dbd66365e1488d632208616dbbf5,f833e2b5dc5f8449ea8522d71699e209c6c3c94638333c6d930f4d6475eefd90,65180e945107e8f68eda3fea8561655a1f9dc5e0ff3f349065d1c0585bcf722c,0,0,2138136,39029,0,299,290,0,590360,"4,4",591445,"4,5",328050,"5,4",461851,"5,5",artifacts/surface_code_routing_capacity_sweep_h4_h7_4th_paired/diagnostics/h7_p1e-05_remote_ban_control.json,remote_ban_control,"[[0, 0], [0, 9], [1, 0], [1, 9], [8, 0], [8, 9], [9, 0], [9, 9]]",8,88,2,12,0,0.0,0.0
ok,h7_p1e-05_distributed_obstacles,H7,4th(new_2),1e-05,1,4406dbfd1fb59a7affb9165a4d61736887111abad5a640859ebc38f0585c6fac,356adddd9d9d958064ddbc64722e855d34bbebb9c40a3ce060d1473e539d02c1,c0878f846b5e27d8,configs/topologies/routing_capacity_h4_h7_4th/h7_distributed_obstacles.yaml,8cedad6ecf1a7ab7cfbd7777a56e3421c6e8c90e68164560bd0889b4b4cd01e0,"[[4, 4], [4, 5], [5, 4], [5, 5]]",2,1316264,61680,51,0,3.4,8871899,8870862,1037,1971706,1861610,1971706,1861610,149541476,17,50864,2178220,0,0.0,2.3362646358027006,30,769263,540951,0.703206835633587,5.650854970391395,27,0,19025.727114474477,3.7148698565073737,0,True,True,67.2663051802665,3362304,0,d519cdb25446cf243053e84ffa559b7e6bd7dbd66365e1488d632208616dbbf5,f833e2b5dc5f8449ea8522d71699e209c6c3c94638333c6d930f4d6475eefd90,65180e945107e8f68eda3fea8561655a1f9dc5e0ff3f349065d1c0585bcf722c,0,0,2138185,37486,0,978,1571,0,590357,"4,4",591458,"4,5",324449,"5,4",465442,"5,5",artifacts/surface_code_routing_capacity_sweep_h4_h7_4th_paired/diagnostics/h7_p1e-05_distributed_obstacles.json,distributed_obstacles,"[[1, 3], [1, 6], [3, 1], [3, 8], [6, 1], [6, 8], [8, 3], [8, 7]]",8,88,2,13,199,0.002243087570596991,0.26869451763424923
ok,h7_p1e-05_central_choke,H7,4th(new_2),1e-05,1,4406dbfd1fb59a7affb9165a4d61736887111abad5a640859ebc38f0585c6fac,356adddd9d9d958064ddbc64722e855d34bbebb9c40a3ce060d1473e539d02c1,c0878f846b5e27d8,configs/topologies/routing_capacity_h4_h7_4th/h7_central_choke.yaml,3a298e9c1304b15933be2545e12282b21f35e8c44cba6398beabf0ab9467e028,"[[4, 4], [4, 5], [5, 4], [5, 5]]",2,2106344,851760,51,0,3.4,8872521,8870862,1659,1971706,1861610,1971706,1861610,152131437,17,50864,2181899,2,9.166327130632536e-07,2.857216542425696,28,762293,533981,0.7004931174758262,9.052927572795122,30,0,19572.97360227413,3.5980069099214385,0,True,True,68.7569829504937,3230652,0,d519cdb25446cf243053e84ffa559b7e6bd7dbd66365e1488d632208616dbbf5,f833e2b5dc5f8449ea8522d71699e209c6c3c94638333c6d930f4d6475eefd90,65180e945107e8f68eda3fea8561655a1f9dc5e0ff3f349065d1c0585bcf722c,0,0,2138242,38478,2,992,4185,0,575601,"4,4",591500,"4,5",376973,"5,4",427632,"5,5",artifacts/surface_code_routing_capacity_sweep_h4_h7_4th_paired/diagnostics/h7_p1e-05_central_choke.json,central_choke,"[[3, 0], [3, 2], [3, 3], [3, 6], [3, 7], [3, 8], [3, 9], [9, 9]]",8,88,2,23,821,0.009254145203296815,2.0052830231642282
ok,h7_p1e-02_remote_ban_control,H7,4th(new_2),0.01,1,4406dbfd1fb59a7affb9165a4d61736887111abad5a640859ebc38f0585c6fac,027c2272b0ab1ce58c305c95183e9bc165c082fb22d9fe8566cff7982a8e38e2,59d0b86e7b7ab9a9,configs/topologies/routing_capacity_h4_h7_4th/h7_remote_ban_control.yaml,b7f1cf25a11aac64a2323378407f2c25142f5880d25ac4760a480643901df037,"[[4, 4], [4, 5], [5, 4], [5, 5]]",2,1254584,0,51,0,3.4,1385876,1385193,683,23090,20852,23090,20852,26424253,15,39600,28164,0,0.0,2.625682113469034,14,811916,583604,0.7187984963961789,5.010275412593294,22,0,31028.77980261272,3.664973995659118,0,True,True,12.502872564829886,961716,0,d519cdb25446cf243053e84ffa559b7e6bd7dbd66365e1488d632208616dbbf5,f833e2b5dc5f8449ea8522d71699e209c6c3c94638333c6d930f4d6475eefd90,65180e945107e8f68eda3fea8561655a1f9dc5e0ff3f349065d1c0585bcf722c,0,0,26835,1229,0,25,75,0,5484,"4,4",7003,"4,5",4608,"5,4",5995,"5,5",artifacts/surface_code_routing_capacity_sweep_h4_h7_4th_paired/diagnostics/h7_p1e-02_remote_ban_control.json,remote_ban_control,"[[0, 0], [0, 9], [1, 0], [1, 9], [8, 0], [8, 9], [9, 0], [9, 9]]",8,88,2,12,0,0.0,0.0
ok,h7_p1e-02_distributed_obstacles,H7,4th(new_2),0.01,1,4406dbfd1fb59a7affb9165a4d61736887111abad5a640859ebc38f0585c6fac,027c2272b0ab1ce58c305c95183e9bc165c082fb22d9fe8566cff7982a8e38e2,59d0b86e7b7ab9a9,configs/topologies/routing_capacity_h4_h7_4th/h7_distributed_obstacles.yaml,8cedad6ecf1a7ab7cfbd7777a56e3421c6e8c90e68164560bd0889b4b4cd01e0,"[[4, 4], [4, 5], [5, 4], [5, 5]]",2,1316264,61680,51,0,3.4,1385983,1385193,790,23090,20852,23090,20852,26702338,15,39600,28517,0,0.0,2.7065829363360763,15,813705,585393,0.7194167419396464,5.611671747433337,25,0,31129.74367383295,3.6749665978379693,0,True,True,12.528309716843069,961884,0,d519cdb25446cf243053e84ffa559b7e6bd7dbd66365e1488d632208616dbbf5,f833e2b5dc5f8449ea8522d71699e209c6c3c94638333c6d930f4d6475eefd90,65180e945107e8f68eda3fea8561655a1f9dc5e0ff3f349065d1c0585bcf722c,0,0,26908,1229,0,88,292,0,5457,"4,4",7029,"4,5",4570,"5,4",6034,"5,5",artifacts/surface_code_routing_capacity_sweep_h4_h7_4th_paired/diagnostics/h7_p1e-02_distributed_obstacles.json,distributed_obstacles,"[[1, 3], [1, 6], [3, 1], [3, 8], [6, 1], [6, 8], [8, 3], [8, 7]]",8,88,2,13,107,0.007720748465223082,1.0523854732998439
ok,h7_p1e-02_central_choke,H7,4th(new_2),0.01,1,4406dbfd1fb59a7affb9165a4d61736887111abad5a640859ebc38f0585c6fac,027c2272b0ab1ce58c305c95183e9bc165c082fb22d9fe8566cff7982a8e38e2,59d0b86e7b7ab9a9,configs/topologies/routing_capacity_h4_h7_4th/h7_central_choke.yaml,3a298e9c1304b15933be2545e12282b21f35e8c44cba6398beabf0ab9467e028,"[[4, 4], [4, 5], [5, 4], [5, 5]]",2,2106344,851760,51,0,3.4,1386459,1385193,1266,23090,20852,23090,20852,28232296,15,39600,28417,0,0.0,3.102685145084452,23,803402,575090,0.7158184819056961,8.926600441501103,30,0,31074.109140960245,3.6563031333495264,0,True,True,12.723512724973261,961928,0,d519cdb25446cf243053e84ffa559b7e6bd7dbd66365e1488d632208616dbbf5,f833e2b5dc5f8449ea8522d71699e209c6c3c94638333c6d930f4d6475eefd90,65180e945107e8f68eda3fea8561655a1f9dc5e0ff3f349065d1c0585bcf722c,0,0,26805,1225,0,179,208,0,3978,"4,4",8485,"4,5",4642,"5,4",5985,"5,5",artifacts/surface_code_routing_capacity_sweep_h4_h7_4th_paired/diagnostics/h7_p1e-02_central_choke.json,central_choke,"[[3, 0], [3, 2], [3, 3], [3, 6], [3, 7], [3, 8], [3, 9], [9, 9]]",8,88,2,23,583,0.04206725565634173,6.8423618257061
