status,case_name,molecule,pf_label,rotation_precision,reaction_time,qasm_hash,optimized_ir_hash,source_cache_key,topology_path,topology_hash,factory_coordinate_set,trapped_coordinate_free_neighbors,weighted_cnot_distance,weighted_cnot_distance_delta_vs_baseline,weighted_nearest_factory_distance,weighted_nearest_factory_distance_delta_vs_baseline,weighted_nearest_factory_distance_mean,runtime,runtime_without_topology,runtime_topology_overhead,measurement_feedback_count,measurement_feedback_depth,magic_state_consumption_count,magic_state_consumption_depth,qubit_volume,code_distance,physical_qubits,magic_failed_attempts,factory_egress_blocked,factory_egress_blocked_fraction,magic_mean_path_coordinates,magic_max_path_coordinates,magic_total_stock_min,magic_total_stock_mean,magic_available_factory_count_mean,trapped_coordinate_use_count,semantic_match,reason_sum_matches,elapsed_seconds,gnu_time_max_rss_kb,gnu_time_swaps,qret_executable_hash,qret_core_library_hash,diagnostic_patch_sha256,magic_failure_classical_dependency_wait,magic_failure_condition_wait,magic_failure_qubit_busy,magic_failure_no_magic_stock,magic_failure_factory_egress_blocked,magic_failure_target_access_blocked,magic_failure_route_disconnected,magic_failure_other,magic_factory_0_use_count,magic_factory_0_coord,magic_factory_1_use_count,magic_factory_1_coord,magic_factory_2_use_count,magic_factory_2_coord,magic_factory_3_use_count,magic_factory_3_coord,routing_diagnostic_path,runtime_delta_vs_reaction_1,runtime_change_pct_vs_reaction_1,qubit_volume_change_pct_vs_reaction_1,runtime_delta_per_extra_reaction_cycle,effective_serial_feedback_fraction,fixed_logical_workload_match,expected_architecture_differences_only
ok,h4_p1e-05_r1,H4,4th(new_2),1e-05,1,8690906cc9b138208b404e19cbe63537f4939ef24d3a0bfd4144174f03d90e82,6bca956b993ce88c16105a9cca48e0bb8b48bef7446d3cd872aa30a622c1cf0b,50cb40f83797b2c7,configs/topologies/accessible_factory_count_h4_h7_4th/h4_factory_count_4.yaml,229992872aa3c6a149057d38799dbbd7a8bd1f918568568fccac1b3a7759ec29,"[[4, 4], [4, 5], [5, 4], [5, 5]]",2,68660,0,25,0,2.7777777777777777,814084,814083,1,184600,173748,184600,173748,8631388,13,32448,215206,0,0.0,1.8459371614301192,15,0,8676.103890713812,3.3945933907973256,0,True,True,5.356293845921755,310320,0,d519cdb25446cf243053e84ffa559b7e6bd7dbd66365e1488d632208616dbbf5,f833e2b5dc5f8449ea8522d71699e209c6c3c94638333c6d930f4d6475eefd90,65180e945107e8f68eda3fea8561655a1f9dc5e0ff3f349065d1c0585bcf722c,0,0,202233,12970,0,2,1,0,54271,"4,4",54229,"4,5",52709,"5,4",23391,"5,5",artifacts/surface_code_reaction_time_sweep_h4_h7_4th_paired/diagnostics/h4_p1e-05_r1.json,0,0.0,0.0,,,True,False
ok,h4_p1e-05_r10,H4,4th(new_2),1e-05,10,8690906cc9b138208b404e19cbe63537f4939ef24d3a0bfd4144174f03d90e82,6bca956b993ce88c16105a9cca48e0bb8b48bef7446d3cd872aa30a622c1cf0b,50cb40f83797b2c7,configs/topologies/accessible_factory_count_h4_h7_4th/h4_factory_count_4.yaml,229992872aa3c6a149057d38799dbbd7a8bd1f918568568fccac1b3a7759ec29,"[[4, 4], [4, 5], [5, 4], [5, 5]]",2,68660,0,25,0,2.7777777777777777,2376771,2376792,-21,184600,173748,184600,173748,22633821,15,43200,198545,5,2.5183207837014278e-05,1.596392199349946,13,0,36919.59774769806,3.8753617707463377,0,False,True,7.147991162724793,362672,0,d519cdb25446cf243053e84ffa559b7e6bd7dbd66365e1488d632208616dbbf5,f833e2b5dc5f8449ea8522d71699e209c6c3c94638333c6d930f4d6475eefd90,65180e945107e8f68eda3fea8561655a1f9dc5e0ff3f349065d1c0585bcf722c,0,0,192762,5776,5,1,1,0,61498,"4,4",66379,"4,5",39787,"5,4",16936,"5,5",artifacts/surface_code_reaction_time_sweep_h4_h7_4th_paired/diagnostics/h4_p1e-05_r10.json,1562687,191.95648114936543,162.22689792186378,173631.88888888888,0.9993317269199582,True,True
ok,h4_p1e-05_r100,H4,4th(new_2),1e-05,100,8690906cc9b138208b404e19cbe63537f4939ef24d3a0bfd4144174f03d90e82,6bca956b993ce88c16105a9cca48e0bb8b48bef7446d3cd872aa30a622c1cf0b,50cb40f83797b2c7,configs/topologies/accessible_factory_count_h4_h7_4th/h4_factory_count_4.yaml,229992872aa3c6a149057d38799dbbd7a8bd1f918568568fccac1b3a7759ec29,"[[4, 4], [4, 5], [5, 4], [5, 5]]",2,68660,0,25,0,2.7777777777777777,18013891,18013890,1,184600,173748,184600,173748,163206150,17,55488,187804,0,0.0,1.5922751895991332,12,0,39748.57638723376,3.999739995233246,0,False,True,25.137477827258408,1076544,0,d519cdb25446cf243053e84ffa559b7e6bd7dbd66365e1488d632208616dbbf5,f833e2b5dc5f8449ea8522d71699e209c6c3c94638333c6d930f4d6475eefd90,65180e945107e8f68eda3fea8561655a1f9dc5e0ff3f349065d1c0585bcf722c,0,0,187792,12,0,0,0,0,61381,"4,4",66372,"4,5",39816,"5,4",17031,"5,5",artifacts/surface_code_reaction_time_sweep_h4_h7_4th_paired/diagnostics/h4_p1e-05_r100.json,17199807,2112.7803764722066,1790.8447864932036,173735.42424242425,0.9999276207059894,True,True
ok,h4_p1e-02_r1,H4,4th(new_2),0.01,1,8690906cc9b138208b404e19cbe63537f4939ef24d3a0bfd4144174f03d90e82,a1ace4d59abc1087de57110bf2afac5bb3c13c599d0d9d8929992f48cde6013d,f964909bc189bf5c,configs/topologies/accessible_factory_count_h4_h7_4th/h4_factory_count_4.yaml,229992872aa3c6a149057d38799dbbd7a8bd1f918568568fccac1b3a7759ec29,"[[4, 4], [4, 5], [5, 4], [5, 5]]",2,68660,0,25,0,2.7777777777777777,146410,146409,1,11716,10176,11716,10176,1767368,13,32448,16016,0,0.0,1.8575452372823489,14,0,12319.402834163157,3.4481041746457297,0,True,True,1.1851555313915014,96704,0,d519cdb25446cf243053e84ffa559b7e6bd7dbd66365e1488d632208616dbbf5,f833e2b5dc5f8449ea8522d71699e209c6c3c94638333c6d930f4d6475eefd90,65180e945107e8f68eda3fea8561655a1f9dc5e0ff3f349065d1c0585bcf722c,0,0,14677,1333,0,6,0,0,2793,"4,4",3952,"4,5",3059,"5,4",1912,"5,5",artifacts/surface_code_reaction_time_sweep_h4_h7_4th_paired/diagnostics/h4_p1e-02_r1.json,0,0.0,0.0,,,True,False
ok,h4_p1e-02_r10,H4,4th(new_2),0.01,10,8690906cc9b138208b404e19cbe63537f4939ef24d3a0bfd4144174f03d90e82,a1ace4d59abc1087de57110bf2afac5bb3c13c599d0d9d8929992f48cde6013d,f964909bc189bf5c,configs/topologies/accessible_factory_count_h4_h7_4th/h4_factory_count_4.yaml,229992872aa3c6a149057d38799dbbd7a8bd1f918568568fccac1b3a7759ec29,"[[4, 4], [4, 5], [5, 4], [5, 5]]",2,68660,0,25,0,2.7777777777777777,236025,236100,-75,11716,10176,11716,10176,2550801,13,32448,13470,0,0.0,1.7202970297029703,15,0,24031.956188203207,3.991987725877941,0,False,True,1.2853844556957483,96432,0,d519cdb25446cf243053e84ffa559b7e6bd7dbd66365e1488d632208616dbbf5,f833e2b5dc5f8449ea8522d71699e209c6c3c94638333c6d930f4d6475eefd90,65180e945107e8f68eda3fea8561655a1f9dc5e0ff3f349065d1c0585bcf722c,0,0,13454,14,0,0,2,0,2760,"4,4",4081,"4,5",3040,"5,4",1835,"5,5",artifacts/surface_code_reaction_time_sweep_h4_h7_4th_paired/diagnostics/h4_p1e-02_r10.json,89615,61.20825080254082,44.32766690355376,9957.222222222223,0.9785006114605171,True,True
ok,h4_p1e-02_r100,H4,4th(new_2),0.01,100,8690906cc9b138208b404e19cbe63537f4939ef24d3a0bfd4144174f03d90e82,a1ace4d59abc1087de57110bf2afac5bb3c13c599d0d9d8929992f48cde6013d,f964909bc189bf5c,configs/topologies/accessible_factory_count_h4_h7_4th/h4_factory_count_4.yaml,229992872aa3c6a149057d38799dbbd7a8bd1f918568568fccac1b3a7759ec29,"[[4, 4], [4, 5], [5, 4], [5, 5]]",2,68660,0,25,0,2.7777777777777777,1150155,1150154,1,11716,10176,11716,10176,10550308,15,43200,12674,0,0.0,1.6925571867531581,10,0,36842.80179028133,3.995225916453538,0,False,True,2.355885704047978,134096,0,d519cdb25446cf243053e84ffa559b7e6bd7dbd66365e1488d632208616dbbf5,f833e2b5dc5f8449ea8522d71699e209c6c3c94638333c6d930f4d6475eefd90,65180e945107e8f68eda3fea8561655a1f9dc5e0ff3f349065d1c0585bcf722c,0,0,12660,14,0,0,0,0,2749,"4,4",4062,"4,5",3028,"5,4",1877,"5,5",artifacts/surface_code_reaction_time_sweep_h4_h7_4th_paired/diagnostics/h4_p1e-02_r100.json,1003745,685.5713407554128,496.95026729011727,10138.838383838383,0.996348111619338,True,True
ok,h5_p1e-05_r1,H5,4th(new_2),1e-05,1,e6248f75189a660f83bf043f3d95b4f557339da84775960bbbb8f0d14115e3e6,be867c2d23c889f82e0ad84860ad4cefeb908e09452eaa30a2b3a5b04b5e3b4d,36f8bb9ebf40ede2,configs/topologies/accessible_factory_count_h4_h7_4th/h5_factory_count_4.yaml,a1778d35889c9a6ab527710f91a08738f1021edd825501b045c6c862f7fdc76d,"[[4, 4], [4, 5], [5, 4], [5, 5]]",2,210628,0,35,0,3.1818181818181817,2122291,2122265,26,475906,451262,475906,451262,26955487,15,43200,528490,1,1.8921833904141989e-06,2.152137186755368,17,0,11780.63908877252,3.5327963686351342,0,True,True,14.857432845048606,821020,0,d519cdb25446cf243053e84ffa559b7e6bd7dbd66365e1488d632208616dbbf5,f833e2b5dc5f8449ea8522d71699e209c6c3c94638333c6d930f4d6475eefd90,65180e945107e8f68eda3fea8561655a1f9dc5e0ff3f349065d1c0585bcf722c,0,0,508274,20200,1,14,1,0,141484,"4,4",138073,"4,5",141480,"5,4",54869,"5,5",artifacts/surface_code_reaction_time_sweep_h4_h7_4th_paired/diagnostics/h5_p1e-05_r1.json,0,0.0,0.0,,,True,False
ok,h5_p1e-05_r10,H5,4th(new_2),1e-05,10,e6248f75189a660f83bf043f3d95b4f557339da84775960bbbb8f0d14115e3e6,be867c2d23c889f82e0ad84860ad4cefeb908e09452eaa30a2b3a5b04b5e3b4d,36f8bb9ebf40ede2,configs/topologies/accessible_factory_count_h4_h7_4th/h5_factory_count_4.yaml,a1778d35889c9a6ab527710f91a08738f1021edd825501b045c6c862f7fdc76d,"[[4, 4], [4, 5], [5, 4], [5, 5]]",2,210628,0,35,0,3.1818181818181817,6183023,6182332,691,475906,451262,475906,451262,71494600,15,43200,501189,0,0.0,1.9175803625085626,16,0,37895.68807518217,3.862366289808594,0,False,True,19.689815347082913,931116,0,d519cdb25446cf243053e84ffa559b7e6bd7dbd66365e1488d632208616dbbf5,f833e2b5dc5f8449ea8522d71699e209c6c3c94638333c6d930f4d6475eefd90,65180e945107e8f68eda3fea8561655a1f9dc5e0ff3f349065d1c0585bcf722c,0,0,484425,16757,0,6,1,0,135713,"4,4",127648,"4,5",180652,"5,4",31893,"5,5",artifacts/surface_code_reaction_time_sweep_h4_h7_4th_paired/diagnostics/h5_p1e-05_r10.json,4060732,191.33719174232,165.23208428769993,451192.44444444444,0.9998458643635947,True,True
ok,h5_p1e-05_r100,H5,4th(new_2),1e-05,100,e6248f75189a660f83bf043f3d95b4f557339da84775960bbbb8f0d14115e3e6,be867c2d23c889f82e0ad84860ad4cefeb908e09452eaa30a2b3a5b04b5e3b4d,36f8bb9ebf40ede2,configs/topologies/accessible_factory_count_h4_h7_4th/h5_factory_count_4.yaml,a1778d35889c9a6ab527710f91a08738f1021edd825501b045c6c862f7fdc76d,"[[4, 4], [4, 5], [5, 4], [5, 5]]",2,210628,0,35,0,3.1818181818181817,46798623,46795614,3009,475906,451262,475906,451262,518082684,17,55488,473533,0,0.0,1.914903363269217,25,0,39897.24554182084,3.9998928398081204,0,False,True,66.14230364654213,2790180,0,d519cdb25446cf243053e84ffa559b7e6bd7dbd66365e1488d632208616dbbf5,f833e2b5dc5f8449ea8522d71699e209c6c3c94638333c6d930f4d6475eefd90,65180e945107e8f68eda3fea8561655a1f9dc5e0ff3f349065d1c0585bcf722c,0,0,473516,12,0,5,0,0,135622,"4,4",127653,"4,5",180675,"5,4",31956,"5,5",artifacts/surface_code_reaction_time_sweep_h4_h7_4th_paired/diagnostics/h5_p1e-05_r100.json,44676332,2105.099253589635,1821.9934108406203,451276.0808080808,1.0000312031770475,True,True
ok,h5_p1e-02_r1,H5,4th(new_2),0.01,1,e6248f75189a660f83bf043f3d95b4f557339da84775960bbbb8f0d14115e3e6,37162f0541135fde24e639924577cc2a512bdf0f6df9e5b9c74dec628cfe102a,8557d3f4c12c6eeb,configs/topologies/accessible_factory_count_h4_h7_4th/h5_factory_count_4.yaml,a1778d35889c9a6ab527710f91a08738f1021edd825501b045c6c862f7fdc76d,"[[4, 4], [4, 5], [5, 4], [5, 5]]",2,210628,0,35,0,3.1818181818181817,362312,362311,1,18938,17284,18938,17284,5208341,13,32448,23094,0,0.0,2.1955855950997996,14,0,28461.731900564526,3.6210260473407945,0,True,True,2.937668696977198,233896,0,d519cdb25446cf243053e84ffa559b7e6bd7dbd66365e1488d632208616dbbf5,f833e2b5dc5f8449ea8522d71699e209c6c3c94638333c6d930f4d6475eefd90,65180e945107e8f68eda3fea8561655a1f9dc5e0ff3f349065d1c0585bcf722c,0,0,21838,1235,0,16,5,0,4033,"4,4",5057,"4,5",7117,"5,4",2731,"5,5",artifacts/surface_code_reaction_time_sweep_h4_h7_4th_paired/diagnostics/h5_p1e-02_r1.json,0,0.0,0.0,,,True,False
ok,h5_p1e-02_r10,H5,4th(new_2),0.01,10,e6248f75189a660f83bf043f3d95b4f557339da84775960bbbb8f0d14115e3e6,37162f0541135fde24e639924577cc2a512bdf0f6df9e5b9c74dec628cfe102a,8557d3f4c12c6eeb,configs/topologies/accessible_factory_count_h4_h7_4th/h5_factory_count_4.yaml,a1778d35889c9a6ab527710f91a08738f1021edd825501b045c6c862f7fdc76d,"[[4, 4], [4, 5], [5, 4], [5, 5]]",2,210628,0,35,0,3.1818181818181817,516983,517059,-76,18938,17284,18938,17284,6877513,13,32448,20615,0,0.0,2.062255782025557,12,0,33291.63823839663,3.9966772151898735,0,False,True,3.134697001427412,233756,0,d519cdb25446cf243053e84ffa559b7e6bd7dbd66365e1488d632208616dbbf5,f833e2b5dc5f8449ea8522d71699e209c6c3c94638333c6d930f4d6475eefd90,65180e945107e8f68eda3fea8561655a1f9dc5e0ff3f349065d1c0585bcf722c,0,0,20593,12,0,4,6,0,3888,"4,4",5062,"4,5",7423,"5,4",2565,"5,5",artifacts/surface_code_reaction_time_sweep_h4_h7_4th_paired/diagnostics/h5_p1e-02_r10.json,154671,42.690001987237515,32.04805522526271,17185.666666666668,0.9943107305407699,True,True
ok,h5_p1e-02_r100,H5,4th(new_2),0.01,100,e6248f75189a660f83bf043f3d95b4f557339da84775960bbbb8f0d14115e3e6,37162f0541135fde24e639924577cc2a512bdf0f6df9e5b9c74dec628cfe102a,8557d3f4c12c6eeb,configs/topologies/accessible_factory_count_h4_h7_4th/h5_factory_count_4.yaml,a1778d35889c9a6ab527710f91a08738f1021edd825501b045c6c862f7fdc76d,"[[4, 4], [4, 5], [5, 4], [5, 5]]",2,210628,0,35,0,3.1818181818181817,2072543,2072542,1,18938,17284,18938,17284,23677170,15,43200,19728,0,0.0,2.047945928820361,9,0,38013.03677324048,3.9974675530231085,0,False,True,4.902646331116557,256140,0,d519cdb25446cf243053e84ffa559b7e6bd7dbd66365e1488d632208616dbbf5,f833e2b5dc5f8449ea8522d71699e209c6c3c94638333c6d930f4d6475eefd90,65180e945107e8f68eda3fea8561655a1f9dc5e0ff3f349065d1c0585bcf722c,0,0,19712,12,0,4,0,0,3882,"4,4",5060,"4,5",7416,"5,4",2580,"5,5",artifacts/surface_code_reaction_time_sweep_h4_h7_4th_paired/diagnostics/h5_p1e-02_r100.json,1710231,472.0326679767714,354.6009948273356,17275.060606060608,0.9994827936855245,True,True
ok,h6_p1e-05_r1,H6,4th(new_2),1e-05,1,4f6d34061c9b4702a6a1d6a0107e7b52a7d246e50442fbf35a4d38f33f32ab76,523b0f82114685895d9f5b9afbdcab89ceb6b664e989851224ded58fcb6f3124,6aed3bb02388754d,configs/topologies/accessible_factory_count_h4_h7_4th/h6_factory_count_4.yaml,dcaa5d62b6443e537c3140ebc4328f76ab7a90470c0ea7ca8c4aaff84c39eb36,"[[4, 4], [4, 5], [5, 4], [5, 5]]",2,529804,0,43,0,3.3076923076923075,4576290,4576285,5,1025480,966388,1025480,966388,67774704,15,43200,1130189,3,2.65442328672461e-06,2.3943002301361314,20,0,16578.38257115916,3.5290219814619697,0,True,True,33.89841659553349,1735584,0,d519cdb25446cf243053e84ffa559b7e6bd7dbd66365e1488d632208616dbbf5,f833e2b5dc5f8449ea8522d71699e209c6c3c94638333c6d930f4d6475eefd90,65180e945107e8f68eda3fea8561655a1f9dc5e0ff3f349065d1c0585bcf722c,0,0,1107877,22270,3,18,21,0,305071,"4,4",297639,"4,5",304384,"5,4",118386,"5,5",artifacts/surface_code_reaction_time_sweep_h4_h7_4th_paired/diagnostics/h6_p1e-05_r1.json,0,0.0,0.0,,,True,False
ok,h6_p1e-05_r10,H6,4th(new_2),1e-05,10,4f6d34061c9b4702a6a1d6a0107e7b52a7d246e50442fbf35a4d38f33f32ab76,523b0f82114685895d9f5b9afbdcab89ceb6b664e989851224ded58fcb6f3124,6aed3bb02388754d,configs/topologies/accessible_factory_count_h4_h7_4th/h6_factory_count_4.yaml,dcaa5d62b6443e537c3140ebc4328f76ab7a90470c0ea7ca8c4aaff84c39eb36,"[[4, 4], [4, 5], [5, 4], [5, 5]]",2,529804,0,43,0,3.3076923076923075,13272760,13272187,573,1025480,966388,1025480,966388,180504448,17,55488,1070027,0,0.0,2.104912821312946,23,0,38915.640308514114,3.92752752982817,0,False,True,44.03276559431106,2014852,0,d519cdb25446cf243053e84ffa559b7e6bd7dbd66365e1488d632208616dbbf5,f833e2b5dc5f8449ea8522d71699e209c6c3c94638333c6d930f4d6475eefd90,65180e945107e8f68eda3fea8561655a1f9dc5e0ff3f349065d1c0585bcf722c,0,0,1051276,18723,0,18,10,0,436092,"4,4",282151,"4,5",224311,"5,4",82926,"5,5",artifacts/surface_code_reaction_time_sweep_h4_h7_4th_paired/diagnostics/h6_p1e-05_r10.json,8696470,190.03319282650355,166.33011632186546,966274.4444444445,0.9998824948617372,True,True
ok,h6_p1e-05_r100,H6,4th(new_2),1e-05,100,4f6d34061c9b4702a6a1d6a0107e7b52a7d246e50442fbf35a4d38f33f32ab76,523b0f82114685895d9f5b9afbdcab89ceb6b664e989851224ded58fcb6f3124,6aed3bb02388754d,configs/topologies/accessible_factory_count_h4_h7_4th/h6_factory_count_4.yaml,dcaa5d62b6443e537c3140ebc4328f76ab7a90470c0ea7ca8c4aaff84c39eb36,"[[4, 4], [4, 5], [5, 4], [5, 5]]",2,529804,0,43,0,3.3076923076923075,100249393,100246722,2671,1025480,966388,1025480,966388,1310904441,19,69312,1022592,0,0.0,2.102725552911807,8,0,39948.6071051754,3.9998927358786784,0,False,True,143.52741667535156,5953496,0,d519cdb25446cf243053e84ffa559b7e6bd7dbd66365e1488d632208616dbbf5,f833e2b5dc5f8449ea8522d71699e209c6c3c94638333c6d930f4d6475eefd90,65180e945107e8f68eda3fea8561655a1f9dc5e0ff3f349065d1c0585bcf722c,0,0,1022566,26,0,0,0,0,435742,"4,4",282356,"4,5",224463,"5,4",82919,"5,5",artifacts/surface_code_reaction_time_sweep_h4_h7_4th_paired/diagnostics/h6_p1e-05_r100.json,95673103,2090.625878167686,1834.2090243581144,966394.9797979798,1.0000072225627592,True,True
ok,h6_p1e-02_r1,H6,4th(new_2),0.01,1,4f6d34061c9b4702a6a1d6a0107e7b52a7d246e50442fbf35a4d38f33f32ab76,abc66fbd6086523edeb4a89160b6962b2d8c530e36a4c66c572dc77569acc3c7,596f1aabdd3d6ec2,configs/topologies/accessible_factory_count_h4_h7_4th/h6_factory_count_4.yaml,dcaa5d62b6443e537c3140ebc4328f76ab7a90470c0ea7ca8c4aaff84c39eb36,"[[4, 4], [4, 5], [5, 4], [5, 5]]",2,529804,0,43,0,3.3076923076923075,712896,713072,-176,17330,15290,17330,15290,12048759,15,43200,21311,0,0.0,2.484131563762262,12,0,29594.16063396873,3.5476011994003,0,True,True,6.2797953160479665,502772,0,d519cdb25446cf243053e84ffa559b7e6bd7dbd66365e1488d632208616dbbf5,f833e2b5dc5f8449ea8522d71699e209c6c3c94638333c6d930f4d6475eefd90,65180e945107e8f68eda3fea8561655a1f9dc5e0ff3f349065d1c0585bcf722c,0,0,19965,1328,0,18,0,0,4952,"4,4",4688,"4,5",5154,"5,4",2536,"5,5",artifacts/surface_code_reaction_time_sweep_h4_h7_4th_paired/diagnostics/h6_p1e-02_r1.json,0,0.0,0.0,,,True,False
ok,h6_p1e-02_r10,H6,4th(new_2),0.01,10,4f6d34061c9b4702a6a1d6a0107e7b52a7d246e50442fbf35a4d38f33f32ab76,abc66fbd6086523edeb4a89160b6962b2d8c530e36a4c66c572dc77569acc3c7,596f1aabdd3d6ec2,configs/topologies/accessible_factory_count_h4_h7_4th/h6_factory_count_4.yaml,dcaa5d62b6443e537c3140ebc4328f76ab7a90470c0ea7ca8c4aaff84c39eb36,"[[4, 4], [4, 5], [5, 4], [5, 5]]",2,529804,0,43,0,3.3076923076923075,847851,847985,-134,17330,15290,17330,15290,13760842,15,43200,18378,0,0.0,2.3524523946912868,15,0,33425.24553314121,3.9960230547550433,0,False,True,6.533098985441029,502716,0,d519cdb25446cf243053e84ffa559b7e6bd7dbd66365e1488d632208616dbbf5,f833e2b5dc5f8449ea8522d71699e209c6c3c94638333c6d930f4d6475eefd90,65180e945107e8f68eda3fea8561655a1f9dc5e0ff3f349065d1c0585bcf722c,0,0,18358,14,0,6,0,0,5119,"4,4",4647,"4,5",5433,"5,4",2131,"5,5",artifacts/surface_code_reaction_time_sweep_h4_h7_4th_paired/diagnostics/h6_p1e-02_r10.json,134955,18.930531241583616,14.209621090437619,14995.0,0.9807063440156966,True,True
ok,h6_p1e-02_r100,H6,4th(new_2),0.01,100,4f6d34061c9b4702a6a1d6a0107e7b52a7d246e50442fbf35a4d38f33f32ab76,abc66fbd6086523edeb4a89160b6962b2d8c530e36a4c66c572dc77569acc3c7,596f1aabdd3d6ec2,configs/topologies/accessible_factory_count_h4_h7_4th/h6_factory_count_4.yaml,dcaa5d62b6443e537c3140ebc4328f76ab7a90470c0ea7ca8c4aaff84c39eb36,"[[4, 4], [4, 5], [5, 4], [5, 5]]",2,529804,0,43,0,3.3076923076923075,2219007,2219006,1,17330,15290,17330,15290,31148443,15,43200,17401,0,0.0,2.327928447778419,15,0,37734.735416186304,3.996771962185843,0,False,True,8.118333214893937,502908,0,d519cdb25446cf243053e84ffa559b7e6bd7dbd66365e1488d632208616dbbf5,f833e2b5dc5f8449ea8522d71699e209c6c3c94638333c6d930f4d6475eefd90,65180e945107e8f68eda3fea8561655a1f9dc5e0ff3f349065d1c0585bcf722c,0,0,17383,14,0,4,0,0,5102,"4,4",4645,"4,5",5432,"5,4",2151,"5,5",artifacts/surface_code_reaction_time_sweep_h4_h7_4th_paired/diagnostics/h6_p1e-02_r100.json,1506111,211.26658025855102,158.51992723897953,15213.242424242424,0.9949798838615058,True,True
ok,h7_p1e-05_r1,H7,4th(new_2),1e-05,1,4406dbfd1fb59a7affb9165a4d61736887111abad5a640859ebc38f0585c6fac,356adddd9d9d958064ddbc64722e855d34bbebb9c40a3ce060d1473e539d02c1,c0878f846b5e27d8,configs/topologies/accessible_factory_count_h4_h7_4th/h7_factory_count_4.yaml,bb768c16d14f78d234f19052507c5d3f3272b6c1566d7f43ddbd8afd76007d34,"[[4, 4], [4, 5], [5, 4], [5, 5]]",2,1182008,0,51,0,3.4,8871700,8870862,838,1971706,1861610,1971706,1861610,149140855,17,55488,2177693,0,0.0,2.2654406894334147,24,0,19016.543029469554,3.712982574419678,0,True,True,67.50600418262184,3354936,0,d519cdb25446cf243053e84ffa559b7e6bd7dbd66365e1488d632208616dbbf5,f833e2b5dc5f8449ea8522d71699e209c6c3c94638333c6d930f4d6475eefd90,65180e945107e8f68eda3fea8561655a1f9dc5e0ff3f349065d1c0585bcf722c,0,0,2138103,39040,0,295,255,0,590364,"4,4",591445,"4,5",328050,"5,4",461847,"5,5",artifacts/surface_code_reaction_time_sweep_h4_h7_4th_paired/diagnostics/h7_p1e-05_r1.json,0,0.0,0.0,,,True,False
ok,h7_p1e-05_r10,H7,4th(new_2),1e-05,10,4406dbfd1fb59a7affb9165a4d61736887111abad5a640859ebc38f0585c6fac,356adddd9d9d958064ddbc64722e855d34bbebb9c40a3ce060d1473e539d02c1,c0878f846b5e27d8,configs/topologies/accessible_factory_count_h4_h7_4th/h7_factory_count_4.yaml,bb768c16d14f78d234f19052507c5d3f3272b6c1566d7f43ddbd8afd76007d34,"[[4, 4], [4, 5], [5, 4], [5, 5]]",2,1182008,0,51,0,3.4,25625849,25623364,2485,1971706,1861610,1971706,1861610,400135382,17,55488,2065652,9,4.356977845251765e-06,2.1171209095067924,24,0,39111.183633836634,3.9299358296178433,0,False,True,87.47071559913456,4282444,0,d519cdb25446cf243053e84ffa559b7e6bd7dbd66365e1488d632208616dbbf5,f833e2b5dc5f8449ea8522d71699e209c6c3c94638333c6d930f4d6475eefd90,65180e945107e8f68eda3fea8561655a1f9dc5e0ff3f349065d1c0585bcf722c,0,0,2030669,34781,9,62,131,0,584616,"4,4",643047,"4,5",245669,"5,4",498374,"5,5",artifacts/surface_code_reaction_time_sweep_h4_h7_4th_paired/diagnostics/h7_p1e-05_r10.json,16754149,188.84936370706856,168.29360874992975,1861572.111111111,0.9999796472467978,True,True
ok,h7_p1e-05_r100,H7,4th(new_2),1e-05,100,4406dbfd1fb59a7affb9165a4d61736887111abad5a640859ebc38f0585c6fac,356adddd9d9d958064ddbc64722e855d34bbebb9c40a3ce060d1473e539d02c1,c0878f846b5e27d8,configs/topologies/accessible_factory_count_h4_h7_4th/h7_factory_count_4.yaml,bb768c16d14f78d234f19052507c5d3f3272b6c1566d7f43ddbd8afd76007d34,"[[4, 4], [4, 5], [5, 4], [5, 5]]",2,1182008,0,51,0,3.4,193177237,193167800,9437,1971706,1861610,1971706,1861610,2913136688,19,69312,1976213,0,0.0,2.1159168760454143,16,0,39971.2366556661,3.999979205940812,0,False,True,281.4050690382719,11482852,0,d519cdb25446cf243053e84ffa559b7e6bd7dbd66365e1488d632208616dbbf5,f833e2b5dc5f8449ea8522d71699e209c6c3c94638333c6d930f4d6475eefd90,65180e945107e8f68eda3fea8561655a1f9dc5e0ff3f349065d1c0585bcf722c,0,0,1976202,10,0,1,0,0,584501,"4,4",642935,"4,5",245677,"5,4",498593,"5,5",artifacts/surface_code_reaction_time_sweep_h4_h7_4th_paired/diagnostics/h7_p1e-05_r100.json,184305537,2077.454569022848,1853.2787900404621,1861672.0909090908,1.0000333533388255,True,True
ok,h7_p1e-02_r1,H7,4th(new_2),0.01,1,4406dbfd1fb59a7affb9165a4d61736887111abad5a640859ebc38f0585c6fac,027c2272b0ab1ce58c305c95183e9bc165c082fb22d9fe8566cff7982a8e38e2,59d0b86e7b7ab9a9,configs/topologies/accessible_factory_count_h4_h7_4th/h7_factory_count_4.yaml,bb768c16d14f78d234f19052507c5d3f3272b6c1566d7f43ddbd8afd76007d34,"[[4, 4], [4, 5], [5, 4], [5, 5]]",2,1182008,0,51,0,3.4,1385877,1385193,684,23090,20852,23090,20852,26424216,15,43200,28160,0,0.0,2.6262018189692506,14,0,31027.316526725375,3.664919107106287,0,True,True,12.685537436977029,961320,0,d519cdb25446cf243053e84ffa559b7e6bd7dbd66365e1488d632208616dbbf5,f833e2b5dc5f8449ea8522d71699e209c6c3c94638333c6d930f4d6475eefd90,65180e945107e8f68eda3fea8561655a1f9dc5e0ff3f349065d1c0585bcf722c,0,0,26835,1229,0,25,71,0,5482,"4,4",7004,"4,5",4605,"5,4",5999,"5,5",artifacts/surface_code_reaction_time_sweep_h4_h7_4th_paired/diagnostics/h7_p1e-02_r1.json,0,0.0,0.0,,,True,False
ok,h7_p1e-02_r10,H7,4th(new_2),0.01,10,4406dbfd1fb59a7affb9165a4d61736887111abad5a640859ebc38f0585c6fac,027c2272b0ab1ce58c305c95183e9bc165c082fb22d9fe8566cff7982a8e38e2,59d0b86e7b7ab9a9,configs/topologies/accessible_factory_count_h4_h7_4th/h7_factory_count_4.yaml,bb768c16d14f78d234f19052507c5d3f3272b6c1566d7f43ddbd8afd76007d34,"[[4, 4], [4, 5], [5, 4], [5, 5]]",2,1182008,0,51,0,3.4,1571793,1571074,719,23090,20852,23090,20852,29146310,15,43200,24479,0,0.0,2.511390212213079,14,0,33535.62238760763,3.9974471031110728,0,False,True,12.800899794325233,961568,0,d519cdb25446cf243053e84ffa559b7e6bd7dbd66365e1488d632208616dbbf5,f833e2b5dc5f8449ea8522d71699e209c6c3c94638333c6d930f4d6475eefd90,65180e945107e8f68eda3fea8561655a1f9dc5e0ff3f349065d1c0585bcf722c,0,0,24458,14,0,3,4,0,5379,"4,4",7235,"4,5",4369,"5,4",6107,"5,5",artifacts/surface_code_reaction_time_sweep_h4_h7_4th_paired/diagnostics/h7_p1e-02_r10.json,185916,13.415043326355791,10.3015128244486,20657.333333333332,0.9906643647292026,True,True
ok,h7_p1e-02_r100,H7,4th(new_2),0.01,100,4406dbfd1fb59a7affb9165a4d61736887111abad5a640859ebc38f0585c6fac,027c2272b0ab1ce58c305c95183e9bc165c082fb22d9fe8566cff7982a8e38e2,59d0b86e7b7ab9a9,configs/topologies/accessible_factory_count_h4_h7_4th/h7_factory_count_4.yaml,bb768c16d14f78d234f19052507c5d3f3272b6c1566d7f43ddbd8afd76007d34,"[[4, 4], [4, 5], [5, 4], [5, 5]]",2,1182008,0,51,0,3.4,3446223,3445382,841,23090,20852,23090,20852,56588832,15,43200,23659,0,0.0,2.500303161541793,14,0,38326.55970569141,3.997576282190002,0,False,True,15.100050857290626,962084,0,d519cdb25446cf243053e84ffa559b7e6bd7dbd66365e1488d632208616dbbf5,f833e2b5dc5f8449ea8522d71699e209c6c3c94638333c6d930f4d6475eefd90,65180e945107e8f68eda3fea8561655a1f9dc5e0ff3f349065d1c0585bcf722c,0,0,23644,14,0,1,0,0,5392,"4,4",7238,"4,5",4352,"5,4",6108,"5,5",artifacts/surface_code_reaction_time_sweep_h4_h7_4th_paired/diagnostics/h7_p1e-02_r100.json,2060346,148.66730597304092,114.15519764143616,20811.575757575756,0.9980613733730941,True,True
