experiment,molecule,rotation_precision,condition,baseline_condition,code_distance,baseline_code_distance,runtime_change_pct,code_distance_change_pct,physical_runtime_change_pct,qubit_volume_change_pct,physical_minus_beat_percentage_points
accessible_factory_count_1e-5,H4,1e-05,1,4,15,13,240.1389782872529,15.384615384615374,292.4680518699072,205.0580972608345,52.329073582654274
accessible_factory_count_1e-5,H4,1e-05,2,4,15,13,70.07090177426407,15.384615384615374,96.23565589338163,62.41456182945315,26.16475411911756
accessible_factory_count_1e-5,H4,1e-05,3,4,13,13,13.382279961281629,0.0,13.382279961281629,13.223724851669271,0.0
accessible_factory_count_1e-5,H5,1e-05,1,4,15,15,236.3633450832143,0.0,236.3633450832143,205.80936638243634,0.0
accessible_factory_count_1e-5,H5,1e-05,2,4,15,15,68.18226152775469,0.0,68.18226152775469,61.46901000156295,0.0
accessible_factory_count_1e-5,H5,1e-05,3,4,15,15,12.122183055952274,0.0,12.122183055952274,12.187904451512965,0.0
accessible_factory_count_1e-5,H6,1e-05,1,4,17,15,236.12854517524022,13.33333333333333,280.9456845319389,208.0304253339122,44.8171393566987
accessible_factory_count_1e-5,H6,1e-05,2,4,17,15,68.06456758640734,13.33333333333333,90.4731765979283,61.849369345825544,22.408609011520966
accessible_factory_count_1e-5,H6,1e-05,3,4,15,15,12.04331456266976,0.0,12.04331456266976,11.841655553375773,0.0
accessible_factory_count_1e-5,H7,1e-05,1,4,17,17,233.37025598250617,0.0,233.37025598250617,209.91760574257134,0.0
accessible_factory_count_1e-5,H7,1e-05,2,4,17,17,66.68526888871355,0.0,66.68526888871355,61.52277254948015,0.0
accessible_factory_count_1e-5,H7,1e-05,3,4,17,17,11.123674154897035,0.0,11.123674154897035,11.476831080256321,0.0
accessible_factory_count_1e-2,H4,1e-02,1,4,13,13,24.31732805136262,0.0,24.31732805136262,17.828262138954653,0.0
accessible_factory_count_1e-2,H4,1e-02,2,4,13,13,3.3891127655214737,0.0,3.3891127655214737,2.549271006377851,0.0
accessible_factory_count_1e-2,H4,1e-02,3,4,13,13,1.1249231609862687,0.0,1.1249231609862687,0.8147143096401077,0.0
accessible_factory_count_1e-2,H5,1e-02,1,4,13,13,6.058590386186502,0.0,6.058590386186502,4.5167165513932295,0.0
accessible_factory_count_1e-2,H5,1e-02,2,4,13,13,2.0153900505641476,0.0,2.0153900505641476,1.5908328582940223,0.0
accessible_factory_count_1e-2,H5,1e-02,3,4,13,13,0.6698646470445269,0.0,0.6698646470445269,0.5052856562195229,0.0
accessible_factory_count_1e-2,H6,1e-02,1,4,15,15,4.663373058622855,0.0,4.663373058622855,3.345199285669165,0.0
accessible_factory_count_1e-2,H6,1e-02,2,4,15,15,1.5326218691085414,0.0,1.5326218691085414,1.1362829981079292,0.0
accessible_factory_count_1e-2,H6,1e-02,3,4,15,15,0.48969274620702663,0.0,0.48969274620702663,0.3598544879186205,0.0
accessible_factory_count_1e-2,H7,1e-02,1,4,15,15,3.205840056512943,0.0,3.205840056512943,2.3976718930847296,0.0
accessible_factory_count_1e-2,H7,1e-02,2,4,15,15,1.039341875216926,0.0,1.039341875216926,0.7837697057880622,0.0
accessible_factory_count_1e-2,H7,1e-02,3,4,15,15,0.3176328057973299,0.0,0.3176328057973299,0.25251837178441594,0.0
factory_saturation,H4,1e-05,6,4,13,13,-0.06645497706013748,0.0,-0.06645497706013748,-5.134234056183451,0.0
factory_saturation,H4,1e-05,8,4,13,13,-0.0970414637292194,0.0,-0.0970414637292194,-5.619537504620819,0.0
factory_saturation,H4,1e-02,6,4,13,13,-0.4500874221396556,0.0,-0.4500874221396556,-0.8088548084156599,0.0
factory_saturation,H4,1e-02,8,4,13,13,-0.4500874221396556,0.0,-0.4500874221396556,-1.069869800680956,0.0
factory_saturation,H5,1e-05,6,4,15,15,-0.027941476506776475,0.0,-0.027941476506776475,-3.071110875966254,0.0
factory_saturation,H5,1e-05,8,4,15,15,-0.04094627838852061,0.0,-0.04094627838852061,-3.4864569055512384,0.0
factory_saturation,H5,1e-02,6,4,13,13,-0.16974320475170446,0.0,-0.16974320475170446,-0.47396189249988563,0.0
factory_saturation,H5,1e-02,8,4,13,13,-0.16974320475170446,0.0,-0.16974320475170446,-0.6226832919792868,0.0
factory_saturation,H6,1e-05,6,4,15,15,-0.06912554115580116,0.0,-0.06912554115580116,-3.8249002286154243,0.0
factory_saturation,H6,1e-05,8,4,15,15,-0.07519723165858583,0.0,-0.07519723165858583,-4.3135456453508025,0.0
factory_saturation,H6,1e-02,6,4,15,15,-0.4344179805434445,0.0,-0.4344179805434445,-0.4687374788956755,0.0
factory_saturation,H6,1e-02,8,4,15,15,-0.4344179805434445,0.0,-0.4344179805434445,-0.5154248661626837,0.0
magic_period_1e-2,H4,1e-02,1,15,13,13,-0.45693600163922987,0.0,-0.45693600163922987,-0.34248668075919086,0.0
magic_period_1e-2,H4,1e-02,4,15,13,13,-0.45488696127313766,0.0,-0.45488696127313766,-0.34180770501672786,0.0
magic_period_1e-2,H4,1e-02,30,15,13,13,3.395942900075122,0.0,3.395942900075122,2.155521657062942,0.0
magic_period_1e-2,H4,1e-02,100,15,13,13,100.07513148009015,0.0,100.07513148009015,71.44703310233069,0.0
magic_period_1e-2,H5,1e-02,1,15,13,13,-0.17305526728345066,0.0,-0.17305526728345066,-0.14472938695834214,0.0
magic_period_1e-2,H5,1e-02,4,15,13,13,-0.1727792620724644,0.0,-0.1727792620724644,-0.1446909870148616,0.0
magic_period_1e-2,H5,1e-02,30,15,13,13,2.0181501026739435,0.0,2.0181501026739435,1.3648107909985052,0.0
magic_period_1e-2,H5,1e-02,100,15,13,13,32.88491686723045,0.0,32.88491686723045,24.331778583621922,0.0
magic_period_1e-2,H6,1e-02,1,15,15,15,-0.08991493850435406,0.0,-0.08991493850435406,-0.05841265478045976,0.0
magic_period_1e-2,H6,1e-02,4,15,15,15,-0.08949411975940347,0.0,-0.08949411975940347,-0.058387755950628506,0.0
magic_period_1e-2,H6,1e-02,30,15,15,15,1.5340245982583767,0.0,1.5340245982583767,1.0595199057430005,0.0
magic_period_1e-2,H6,1e-02,100,15,15,15,8.839438010593415,0.0,8.839438010593415,6.050656337304106,0.0
magic_period_1e-2,H7,1e-02,1,15,15,15,-0.0436546677663352,0.0,-0.0436546677663352,-0.03012009892743306,0.0
magic_period_1e-2,H7,1e-02,4,15,15,15,-0.043438198339396106,0.0,-0.043438198339396106,-0.030108745705070827,0.0
magic_period_1e-2,H7,1e-02,30,15,15,15,1.039774814070804,0.0,1.039774814070804,0.7437533813680508,0.0
magic_period_1e-2,H7,1e-02,100,15,15,15,6.095779062644091,0.0,6.095779062644091,4.317471519306371,0.0
magic_stock,H4,1e-05,1,10000,13,13,4.263319264351106,0.0,4.263319264351106,6.356787575764167,0.0
magic_stock,H4,1e-05,4,10000,13,13,2.8154342795092324,0.0,2.8154342795092324,4.7262618712077265,0.0
magic_stock,H4,1e-05,16,10000,13,13,1.8609873182620085,0.0,1.8609873182620085,3.467507195829911,0.0
magic_stock,H4,1e-05,64,10000,13,13,0.3427164764324031,0.0,0.3427164764324031,1.6364459574752077,0.0
magic_stock,H4,1e-02,1,10000,13,13,2.1822279898914054,0.0,2.1822279898914054,2.4612304851055367,0.0
magic_stock,H4,1e-02,4,10000,13,13,1.368075951096226,0.0,1.368075951096226,1.6711290461296047,0.0
magic_stock,H4,1e-02,16,10000,13,13,0.29915989344990734,0.0,0.29915989344990734,0.6149822787331116,0.0
magic_stock,H4,1e-02,64,10000,13,13,0.0,0.0,0.0,0.0843627360006538,0.0
magic_stock,H5,1e-05,1,10000,15,15,3.7625377481221856,0.0,3.7625377481221856,5.517514856993677,0.0
magic_stock,H5,1e-05,4,10000,15,15,2.242717893069335,0.0,2.242717893069335,3.878531298655452,0.0
magic_stock,H5,1e-05,16,10000,15,15,1.343830794174794,0.0,1.343830794174794,2.724940565904088,0.0
magic_stock,H5,1e-05,64,10000,15,15,0.16109949106883903,0.0,0.16109949106883903,1.2030426309864062,0.0
magic_stock,H5,1e-02,1,10000,13,13,1.1973106052242333,0.0,1.1973106052242333,1.378231571243127,0.0
magic_stock,H5,1e-02,4,10000,13,13,0.6447481728454996,0.0,0.6447481728454996,0.8537459432859773,0.0
magic_stock,H5,1e-02,16,10000,13,13,0.08942568835699216,0.0,0.08942568835699216,0.26864600455307475,0.0
magic_stock,H5,1e-02,64,10000,13,13,0.0,0.0,0.0,0.05662071665430979,0.0
magic_stock,H6,1e-05,1,10000,15,15,3.9145464994569945,0.0,3.9145464994569945,5.242683169815088,0.0
magic_stock,H6,1e-05,4,10000,15,15,2.405114186382429,0.0,2.405114186382429,3.6563818854893126,0.0
magic_stock,H6,1e-05,16,10000,15,15,1.3803539548411514,0.0,1.3803539548411514,2.4454123768655522,0.0
magic_stock,H6,1e-05,64,10000,15,15,0.1010862510898658,0.0,0.1010862510898658,1.013485798477265,0.0
magic_stock,H6,1e-02,1,10000,15,15,0.6434318610288203,0.0,0.6434318610288203,0.6681351996500329,0.0
magic_stock,H6,1e-02,4,10000,15,15,0.38715324535416595,0.0,0.38715324535416595,0.4456392562918632,0.0
magic_stock,H6,1e-02,16,10000,15,15,0.06747127210700032,0.0,0.06747127210700032,0.1420312249585276,0.0
magic_stock,H6,1e-02,64,10000,15,15,0.0,0.0,0.0,0.030310175512671123,0.0
reaction_time,H4,1e-05,10,1,15,13,191.95648114936543,15.384615384615374,236.8728628646524,162.22689792186378,44.916381715286974
reaction_time,H4,1e-05,100,1,17,13,2112.7803764722066,30.76923076923077,2793.6358769251933,1790.8447864932036,680.8555004529867
reaction_time,H4,1e-02,10,1,13,13,61.20825080254082,0.0,61.20825080254082,44.32766690355376,0.0
reaction_time,H4,1e-02,100,1,15,13,685.5713407554128,15.384615384615374,806.4284701023995,496.95026729011727,120.85712934698665
reaction_time,H5,1e-05,10,1,15,15,191.33719174232,0.0,191.33719174232,165.23208428769993,0.0
reaction_time,H5,1e-05,100,1,17,15,2105.099253589635,13.33333333333333,2399.1124874015863,1821.9934108406203,294.0132338119515
reaction_time,H5,1e-02,10,1,13,13,42.690001987237515,0.0,42.690001987237515,32.04805522526271,0.0
reaction_time,H5,1e-02,100,1,15,13,472.0326679767714,15.384615384615374,560.0376938193516,354.6009948273356,88.00502584258021
reaction_time,H6,1e-05,10,1,17,15,190.03319282650355,13.33333333333333,228.70428520337072,166.33011632186546,38.671092376867165
reaction_time,H6,1e-05,100,1,19,15,2090.625878167686,26.66666666666666,2674.792779012402,1834.2090243581144,584.1669008447161
reaction_time,H6,1e-02,10,1,15,15,18.930531241583616,0.0,18.930531241583616,14.209621090437619,0.0
reaction_time,H6,1e-02,100,1,15,15,211.26658025855102,0.0,211.26658025855102,158.51992723897953,0.0
reaction_time,H7,1e-05,10,1,17,17,188.84936370706856,0.0,188.84936370706856,168.29360874992975,0.0
reaction_time,H7,1e-05,100,1,19,17,2077.454569022848,11.764705882352944,2333.6256947902416,1853.2787900404621,256.17112576739373
reaction_time,H7,1e-02,10,1,15,15,13.415043326355791,0.0,13.415043326355791,10.3015128244486,0.0
reaction_time,H7,1e-02,100,1,15,15,148.66730597304092,0.0,148.66730597304092,114.15519764143616,0.0
logical_placement,H4,1e-05,explicit_compact_numeric,explicit_compact_interaction_aware,13,13,0.0,0.0,0.0,2.2176502782634833,0.0
logical_placement,H4,1e-05,explicit_perimeter_numeric,explicit_compact_interaction_aware,13,13,0.0015968868077420595,0.0,0.0015968868077420595,10.938032214517523,0.0
logical_placement,H4,1e-02,explicit_compact_numeric,explicit_compact_interaction_aware,13,13,0.0,0.0,0.0,1.9593542488038684,0.0
logical_placement,H4,1e-02,explicit_perimeter_numeric,explicit_compact_interaction_aware,13,13,0.032784645857519834,0.0,0.032784645857519834,8.983188560616684,0.0
logical_placement,H5,1e-05,explicit_compact_numeric,explicit_compact_interaction_aware,15,15,0.0,0.0,0.0,1.2414170072312158,0.0
logical_placement,H5,1e-05,explicit_perimeter_numeric,explicit_compact_interaction_aware,15,15,0.0016491612130575817,0.0,0.0016491612130575817,8.232791342259937,0.0
logical_placement,H5,1e-02,explicit_compact_numeric,explicit_compact_interaction_aware,13,13,0.0,0.0,0.0,1.8407204904594465,0.0
logical_placement,H5,1e-02,explicit_perimeter_numeric,explicit_compact_interaction_aware,13,13,0.008832166751315818,0.0,0.008832166751315818,7.793038128647867,0.0
logical_placement,H6,1e-05,explicit_compact_numeric,explicit_compact_interaction_aware,15,15,-8.740704806609045e-05,0.0,-8.740704806609045e-05,1.7230912583550362,0.0
logical_placement,H6,1e-05,explicit_perimeter_numeric,explicit_compact_interaction_aware,15,15,0.002141472677652523,0.0,0.002141472677652523,6.43118264301088,0.0
logical_placement,H6,1e-02,explicit_compact_numeric,explicit_compact_interaction_aware,15,15,0.0,0.0,0.0,1.7385690924683672,0.0
logical_placement,H6,1e-02,explicit_perimeter_numeric,explicit_compact_interaction_aware,15,15,0.013746745668363758,0.0,0.013746745668363758,7.08726101999384,0.0
logical_placement,H7,1e-05,explicit_compact_numeric,explicit_compact_interaction_aware,17,17,-0.007315396147300479,0.0,-0.007315396147300479,1.676117519910969,0.0
logical_placement,H7,1e-05,explicit_perimeter_numeric,explicit_compact_interaction_aware,17,17,-0.0058162471679557015,0.0,-0.0058162471679557015,5.356541639780721,0.0
logical_placement,H7,1e-02,explicit_compact_numeric,explicit_compact_interaction_aware,15,15,-0.06097222192157359,0.0,-0.06097222192157359,1.8846046368982128,0.0
logical_placement,H7,1e-02,explicit_perimeter_numeric,explicit_compact_interaction_aware,15,15,-0.05087031533101971,0.0,-0.05087031533101971,5.901427690418526,0.0
routing_capacity,H4,1e-05,distributed_obstacles,remote_ban_control,13,13,0.00012283744674768116,0.0,0.00012283744674768116,0.03259035510858599,0.0
routing_capacity,H4,1e-05,central_choke,remote_ban_control,13,13,0.0015968868077420595,0.0,0.0015968868077420595,2.7231541439221685,0.0
routing_capacity,H4,1e-02,distributed_obstacles,remote_ban_control,13,13,0.0013660269107207412,0.0,0.0013660269107207412,0.12323409725647494,0.0
routing_capacity,H4,1e-02,central_choke,remote_ban_control,13,13,0.005464107642927374,0.0,0.005464107642927374,6.5875358159704245,0.0
routing_capacity,H5,1e-05,distributed_obstacles,remote_ban_control,15,15,4.7118891810526975e-05,0.0,4.7118891810526975e-05,0.31772258304409995,0.0
routing_capacity,H5,1e-05,central_choke,remote_ban_control,15,15,0.0023088256982717326,0.0,0.0023088256982717326,1.6733003553882408,0.0
routing_capacity,H5,1e-02,distributed_obstacles,remote_ban_control,13,13,0.0,0.0,0.0,0.49243671502778863,0.0
routing_capacity,H5,1e-02,central_choke,remote_ban_control,13,13,0.03256861489544516,0.0,0.03256861489544516,5.683738817310924,0.0
routing_capacity,H6,1e-05,distributed_obstacles,remote_ban_control,15,15,0.0003059229970014954,0.0,0.0003059229970014954,0.2672048339086075,0.0
routing_capacity,H6,1e-05,central_choke,remote_ban_control,15,15,0.006708454291270982,0.0,0.006708454291270982,2.3909208077531163,0.0
routing_capacity,H6,1e-02,distributed_obstacles,remote_ban_control,15,15,-0.0012624385262616222,0.0,-0.0012624385262616222,1.0080948239660659,0.0
routing_capacity,H6,1e-02,central_choke,remote_ban_control,15,15,0.10800862946869216,0.0,0.10800862946869216,5.5701376955961335,0.0
routing_capacity,H7,1e-05,distributed_obstacles,remote_ban_control,17,17,0.002243087570596991,0.0,0.002243087570596991,0.26869451763424923,0.0
routing_capacity,H7,1e-05,central_choke,remote_ban_control,17,17,0.009254145203296815,0.0,0.009254145203296815,2.0052830231642282,0.0
routing_capacity,H7,1e-02,distributed_obstacles,remote_ban_control,15,15,0.007720748465223082,0.0,0.007720748465223082,1.0523854732998439,0.0
routing_capacity,H7,1e-02,central_choke,remote_ban_control,15,15,0.04206725565634173,0.0,0.04206725565634173,6.8423618257061,0.0
grid_capacity_explicit,H4,1e-05,aware_8x8,aware_10x10,13,13,0.0,0.0,0.0,0.6446124308164602,0.0
grid_capacity_explicit,H4,1e-05,aware_12x12,aware_10x10,13,13,0.0,0.0,0.0,0.6461533185624369,0.0
grid_capacity_explicit,H4,1e-02,aware_8x8,aware_10x10,13,13,0.0,0.0,0.0,0.7941187121188076,0.0
grid_capacity_explicit,H4,1e-02,aware_12x12,aware_10x10,13,13,0.0,0.0,0.0,0.7960424767224472,0.0
grid_capacity_explicit,H5,1e-05,aware_8x8,aware_10x10,15,15,0.0,0.0,0.0,0.3417115038581997,0.0
grid_capacity_explicit,H5,1e-05,aware_12x12,aware_10x10,15,15,0.0,0.0,0.0,0.3424868562011074,0.0
grid_capacity_explicit,H5,1e-02,aware_8x8,aware_10x10,13,13,0.0,0.0,0.0,0.753656490617649,0.0
grid_capacity_explicit,H5,1e-02,aware_12x12,aware_10x10,13,13,0.0,0.0,0.0,0.7445173040705244,0.0
grid_capacity_explicit,H6,1e-05,aware_8x8,aware_10x10,15,15,2.185176202207373e-05,0.0,2.185176202207373e-05,1.593386523679996,0.0
grid_capacity_explicit,H6,1e-05,aware_12x12,aware_10x10,15,15,-0.00010925881008816418,0.0,-0.00010925881008816418,0.34990340939002884,0.0
grid_capacity_explicit,H6,1e-02,aware_8x8,aware_10x10,15,15,0.004769279109440028,0.0,0.004769279109440028,-0.02378668209730428,0.0
grid_capacity_explicit,H6,1e-02,aware_12x12,aware_10x10,15,15,0.0,0.0,0.0,0.6021035029416755,0.0
grid_capacity_explicit,H7,1e-05,aware_8x8,aware_10x10,17,17,11.121543785294818,0.0,11.121543785294818,14.057450589243302,0.0
grid_capacity_explicit,H7,1e-05,aware_12x12,aware_10x10,17,17,-0.0075521038808812335,0.0,-0.0075521038808812335,0.9288769331515567,0.0
grid_capacity_explicit,H7,1e-02,aware_8x8,aware_10x10,15,15,0.19742011736971765,0.0,0.19742011736971765,1.648029973718046,0.0
grid_capacity_explicit,H7,1e-02,aware_12x12,aware_10x10,15,15,-0.06097222192157359,0.0,-0.06097222192157359,0.3038689965295438,0.0
factory_placement,H4,1e-05,factory_left_edge,factory_center_block,15,13,-0.0001228371449668586,15.384615384615374,15.384473649448104,12.820508918260899,15.384596486593072
factory_placement,H4,1e-05,factory_right_edge,factory_center_block,13,13,0.01891692032536252,0.0,0.01891692032536252,3.366340336111162,0.0
factory_placement,H4,1e-03,factory_left_edge,factory_center_block,13,13,0.0,0.0,0.0,11.344482109756292,0.0
factory_placement,H4,1e-03,factory_right_edge,factory_center_block,13,13,0.016831036431175228,0.0,0.016831036431175228,2.746415024192128,0.0
factory_placement,H4,3e-03,factory_left_edge,factory_center_block,13,13,-0.001586202156178551,0.0,-0.001586202156178551,10.420812111662547,0.0
factory_placement,H4,3e-03,factory_right_edge,factory_center_block,13,13,0.011632149145301973,0.0,0.011632149145301973,2.199256840826558,0.0
factory_placement,H4,1e-02,factory_left_edge,factory_center_block,13,13,0.002732053821463687,0.0,0.002732053821463687,4.074360588364079,0.0
factory_placement,H4,1e-02,factory_right_edge,factory_center_block,13,13,0.016392322928759917,0.0,0.016392322928759917,-0.07446540770629229,0.0
factory_placement,H5,1e-05,factory_left_edge,factory_center_block,15,15,0.00193185453793987,0.0,0.00193185453793987,9.072400593777697,0.0
factory_placement,H5,1e-05,factory_right_edge,factory_center_block,15,15,0.03227610630476274,0.0,0.03227610630476274,2.741067651355622,0.0
factory_placement,H5,1e-03,factory_left_edge,factory_center_block,15,15,0.0017398992914641198,0.0,0.0017398992914641198,7.100148227982861,0.0
factory_placement,H5,1e-03,factory_right_edge,factory_center_block,15,15,0.0217487411433126,0.0,0.0217487411433126,2.2948706434096966,0.0
factory_placement,H5,3e-03,factory_left_edge,factory_center_block,15,15,0.0019319542967854986,0.0,0.0019319542967854986,5.331590707458145,0.0
factory_placement,H5,3e-03,factory_right_edge,factory_center_block,15,15,0.021024208523789945,0.0,0.021024208523789945,1.4962811032053436,0.0
factory_placement,H5,1e-02,factory_left_edge,factory_center_block,13,13,0.00027600521097514985,0.0,0.00027600521097514985,-1.775691055350681,0.0
factory_placement,H5,1e-02,factory_right_edge,factory_center_block,13,13,0.0019320364768482534,0.0,0.0019320364768482534,-0.4407144250892281,0.0
factory_placement,H6,1e-05,factory_left_edge,factory_center_block,15,15,0.0040206943389575756,0.0,0.0040206943389575756,7.847396700299236,0.0
factory_placement,H6,1e-05,factory_right_edge,factory_center_block,15,15,-0.0007211027890474675,0.0,-0.0007211027890474675,2.206637108144438,0.0
factory_placement,H6,1e-03,factory_left_edge,factory_center_block,15,15,0.005092302773768154,0.0,0.005092302773768154,6.263624215433161,0.0
factory_placement,H6,1e-03,factory_right_edge,factory_center_block,15,15,-0.0012635036957475698,0.0,-0.0012635036957475698,1.608678707415656,0.0
factory_placement,H6,3e-03,factory_left_edge,factory_center_block,15,15,0.009637135447304601,0.0,0.009637135447304601,4.435879389179975,0.0
factory_placement,H6,3e-03,factory_right_edge,factory_center_block,15,15,-0.0008581011014752171,0.0,-0.0008581011014752171,1.1301285108693104,0.0
factory_placement,H6,1e-02,factory_left_edge,factory_center_block,15,15,0.02552952728291924,0.0,0.02552952728291924,0.18867146577050686,0.0
factory_placement,H6,1e-02,factory_right_edge,factory_center_block,15,15,-0.00042081638378377306,0.0,-0.00042081638378377306,0.07285805771111153,0.0
factory_placement,H7,1e-05,factory_left_edge,factory_center_block,17,17,0.00812756283135041,0.0,0.00812756283135041,6.740390469764579,0.0
factory_placement,H7,1e-05,factory_right_edge,factory_center_block,17,17,0.005286861259223841,0.0,0.005286861259223841,3.2735130639289567,0.0
factory_placement,H7,1e-03,factory_left_edge,factory_center_block,15,15,0.008442989630230713,0.0,0.008442989630230713,4.929615700156509,0.0
factory_placement,H7,1e-03,factory_right_edge,factory_center_block,15,15,0.006218877272390344,0.0,0.006218877272390344,2.3653596407423594,0.0
factory_placement,H7,3e-03,factory_left_edge,factory_center_block,15,15,0.010645319253121954,0.0,0.010645319253121954,2.442795406958931,0.0
factory_placement,H7,3e-03,factory_right_edge,factory_center_block,15,15,0.0032940233160694277,0.0,0.0032940233160694277,1.1038441515942576,0.0
factory_placement,H7,1e-02,factory_left_edge,factory_center_block,15,15,0.01732811949470836,0.0,0.01732811949470836,-1.0273884533635647,0.0
factory_placement,H7,1e-02,factory_right_edge,factory_center_block,15,15,0.0025992179242040336,0.0,0.0025992179242040336,-0.35497368431998133,0.0
