row_scope,molecule,pf_label,topology,p15_runtime,p8_runtime,p4_runtime,p2_runtime,p1_runtime,p1_large_stock_runtime,p15_qubit_volume,p8_qubit_volume,p4_qubit_volume,p2_qubit_volume,p1_qubit_volume,p1_large_stock_qubit_volume,p15_to_p8_runtime_improvement_pct,p15_to_p4_runtime_improvement_pct,p15_to_p2_runtime_improvement_pct,p15_to_p1_runtime_improvement_pct,p8_to_p1_runtime_improvement_pct,p15_to_p1_qubit_volume_improvement_pct,p8_to_p1_qubit_volume_improvement_pct,p1_large_stock_matches_p1_runtime,p1_large_stock_matches_p1_qubit_volume,magic_state_count,magic_state_depth,magic_state_count_invariant,magic_state_depth_invariant,chip_cell_count_invariant,physical_qubits_invariant,code_distance_invariant,source_artifact
case,H2,2nd,center_block,823174482,739232052,738872940,738693384,738603606,738603606,5818781514,5273110830,5164479450,5149845636,5149755858,5149755858,10.1974043,10.24102956,10.26284219,10.2737485,0.08501335924,11.49769336,2.339320678,True,True,215826312,171296424,True,True,True,True,True,artifacts/surface_code_magic_supply_cheap_h2_h10_center/results.csv
case,H2,4th(new_2),center_block,226188000,211533984,211504320,211489488,211482072,211482072,1696580568,1574001504,1545820704,1543566240,1543558824,1543558824,6.478688525,6.491803279,6.498360656,6.501639344,0.02454073762,9.019420998,1.934094721,True,True,59936112,48693456,True,True,True,True,True,artifacts/surface_code_magic_supply_cheap_h2_h10_center/results.csv
case,H3,2nd,center_block,5704659452,5599050970,5590381617,5590381617,5590381617,5590381617,52507343807,50993697291,50375696270,50357006496,50357006496,50357006496,1.851267072,2.003236757,2.003236757,2.003236757,0.154836115,4.095307732,1.248567625,True,True,1334404828,1226319388,True,True,True,True,True,artifacts/surface_code_magic_supply_cheap_h2_h10_center/results.csv
case,H3,4th(new_2),center_block,1807590600,1800135000,1799472825,1799464650,1799464650,1799464650,16849091925,16554767400,16387466025,16386395100,16386395100,16386395100,0.4124606534,0.449093672,0.4495459315,0.4495459315,0.03723887375,2.746123216,1.017062312,True,True,413115450,389130000,True,True,True,True,True,artifacts/surface_code_magic_supply_cheap_h2_h10_center/results.csv
case,H4,2nd,center_block,28425875264,28273674144,28211635644,28207334308,28207334308,28207334308,319998222592,315643450764,313540593768,313434383856,313434383856,313434383856,0.5354316044,0.7536781823,0.7688099451,0.7688099451,0.2346346487,2.051210998,0.6998614743,True,True,6476819400,6049001904,True,True,True,True,True,artifacts/surface_code_magic_supply_cheap_h2_h10_center/results.csv
case,H4,4th(new_2),center_block,8900402238,8891404379,8886998380,8886659457,8886659457,8886659457,100574405347,99608234271,99072407941,99064995367,99064995367,99064995367,0.1010949703,0.1505983397,0.1544062912,0.1544062912,0.05336527052,1.500789366,0.5453754983,True,True,2018231800,1899586884,True,True,True,True,True,artifacts/surface_code_magic_supply_cheap_h2_h10_center/results.csv
case,H5,2nd,center_block,51414608824,51306389888,51255741580,51233820900,51233244040,51233244040,687363878460,681308463668,678751935520,678543689060,678501116792,678501116792,0.210482854,0.3089924199,0.3516275396,0.3527495164,0.142566741,1.289384261,0.4120522532,True,True,11539507440,10890886056,True,True,True,True,True,artifacts/surface_code_magic_supply_cheap_h2_h10_center/results.csv
case,H5,4th(new_2),center_block,20660717055,20651955555,20647973940,20646202170,20646143760,20646143760,277174287225,275085107550,274177941840,274161265785,274157284170,274157284170,0.04240656303,0.06167799,0.07025353942,0.07053624984,0.0281416207,1.088485907,0.3372859361,True,True,4632944910,4393035570,True,True,True,True,True,artifacts/surface_code_magic_supply_cheap_h2_h10_center/results.csv
case,H6,2nd,center_block,208643824736,208368778560,208272654400,208231801632,208230490848,208230490848,3210434216576,3186380456320,3177976364704,3177613059072,3177530261216,3177530261216,0.1318256969,0.1778966315,0.1974767787,0.1981050187,0.0663668103,1.024906699,0.277750734,True,True,47230606016,44465725632,True,True,True,True,True,artifacts/surface_code_magic_supply_cheap_h2_h10_center/results.csv
case,H6,4th(new_2),center_block,53108240020,53093756980,53088650780,53086608300,53086480645,53086480645,818978625135,813593104390,811719384300,811699829875,811694630835,811694630835,0.02727079639,0.03688550024,0.04073138178,0.04097174938,0.01370469037,0.8893998056,0.2333443517,True,True,11900695400,11214932740,True,True,True,True,True,artifacts/surface_code_magic_supply_cheap_h2_h10_center/results.csv
case,H7,2nd,center_block,339154583740,338919545776,338801841140,338747815826,338740018358,338740018358,5891520272288,5861783328492,5855526231730,5854880155810,5854699328814,5854699328814,0.06930113148,0.1040064375,0.1199358445,0.1222349341,0.0529705118,0.6249820381,0.120850589,True,True,75800671660,71544368056,True,True,True,True,True,artifacts/surface_code_magic_supply_cheap_h2_h10_center/results.csv
case,H7,4th(new_2),center_block,100225100304,100210593672,100203170886,100199939658,100199374758,100199374758,1743496536516,1735563453750,1734187334754,1734148243674,1734136776204,1734136776204,0.01447405087,0.02188016568,0.02510413651,0.02566776778,0.01119533733,0.5368384804,0.0822025575,True,True,22276334388,21032469780,True,True,True,True,True,artifacts/surface_code_magic_supply_cheap_h2_h10_center/results.csv
case,H8,2nd,center_block,820704728992,820264537416,820090951936,820014362312,820002701608,820002701608,15945221647240,15884865313304,15876609004840,15875674293408,15875429153608,15875429153608,0.05363580353,0.07478658698,0.08411876472,0.0855395807,0.0319208982,0.4377016211,0.05940346053,True,True,182321997456,171755279504,True,True,True,True,True,artifacts/surface_code_magic_supply_cheap_h2_h10_center/results.csv
case,H8,4th(new_2),center_block,207111351930,207089354325,207081190680,207077276420,207076954700,207076954700,4024777535905,4010795691945,4009079007430,4009031178390,4009022746645,4009022746645,0.01062114886,0.01456281837,0.01645274857,0.0166080853,0.005987572389,0.391444971,0.04420432842,True,True,45994672990,43310026830,True,True,True,True,True,artifacts/surface_code_magic_supply_cheap_h2_h10_center/results.csv
case,H9,2nd,center_block,1264981771298,1264583076479,1264377956224,1264281660248,1264264955844,1264264955844,27222962569851,27135190507298,27131811304630,27130422873874,27130042357377,27130042357377,0.03151783117,0.04773310475,0.05534554457,0.05666606984,0.02515616735,0.3413302731,0.01897222693,True,True,279563922732,263298746296,True,True,True,True,True,artifacts/surface_code_magic_supply_cheap_h2_h10_center/results.csv
case,H9,4th(new_2),center_block,331394860440,331373775000,331363154760,331357948000,331357457040,331357457040,7132082508400,7110265563840,7110035135640,7109957383080,7109945845520,7109945845520,0.006362633377,0.0095673421,0.01113850708,0.01128665663,0.004924336574,0.3103814749,0.00449657354,True,True,73049783360,68849982320,True,True,True,True,True,artifacts/surface_code_magic_supply_cheap_h2_h10_center/results.csv
case,H10,2nd,center_block,2422161855663,2421562341279,2421288403509,2421158676657,2421136320816,2421136320816,57033074484147,56879302823103,56875279716336,56872637948646,56872170680082,56872170680082,0.02475121068,0.03606085002,0.04141667922,0.04233964979,0.01759279353,0.2821236721,0.01253908305,True,True,530603606166,500152431756,True,True,True,True,True,artifacts/surface_code_magic_supply_cheap_h2_h10_center/results.csv
case,H10,4th(new_2),center_block,553468604976,553441820706,553429695114,553423978368,553422954060,553422954060,13018814585118,12984253879518,12984073767414,12983960470644,12983937091506,12983937091506,0.004839347663,0.007030184124,0.008063078483,0.008248149143,0.003408966452,0.2679006862,0.002439786028,True,True,121976894412,114781961232,True,True,True,True,True,artifacts/surface_code_magic_supply_cheap_h2_h10_center/results.csv
pf_summary,ALL,2nd,center_block,5142015082451,5139616626564,,,5138144051045,,110368901416475,110000741151070,,,109957314044099,,0.0466442795,,,0.0752823814,0.02865146617,0.3729196967,0.03947892216,True,True,,,True,True,True,True,True,artifacts/surface_code_magic_supply_cheap_h2_h10_center/results.csv
pf_summary,ALL,4th(new_2),center_block,1276903055563,1276764329601,,,1276686971142,,27134444156139,27047293804168,,,27039889324171,,0.01086425171,,,0.01692253927,0.006058945822,0.3484679156,0.02737604749,True,True,,,True,True,True,True,True,artifacts/surface_code_magic_supply_cheap_h2_h10_center/results.csv
