status,compiled_circuit_scope,qpe_scaling_model,molecule,num_logical_qubits,num_system_qubits,num_control_qubits,pf_label,step_time,base_step_time,effective_evolution_time,qpe_power_k,time_multiplier,qasm_hash,optimized_ir_hash,rotation_precision,step_rz_count,step_rz_layer,step_rz_depth,step_magic_state_count,step_magic_state_depth,pf_error_coefficient,pf_order,qpe_target_error,qpe_effective_block_count,qpe_action_count,case_name,topology_name,topology_path,topology_hash,mapping_result_json,mapping_result_hash,mapping_result_unavailable_reason,machine_type,magic_generation_period,resolved_maximum_magic_state_stock,stock_policy,entanglement_generation_period,maximum_entangled_state_stock,reaction_time,compile_mode,compiler_executable_path,compiler_executable_hash,cache_key,compile_cache_hit,runtime_without_topology,runtime_without_topology_unavailable_reason,runtime_with_topology,runtime_with_topology_unavailable_reason,runtime_difference_vs_topology_free,runtime_difference_vs_topology_free_unavailable_reason,chip_cells,chip_cells_unavailable_reason,qubit_volume,qubit_volume_unavailable_reason,physical_qubits,physical_qubits_unavailable_reason,code_distance,code_distance_unavailable_reason,failure_probability,failure_probability_unavailable_reason,compile_elapsed_time,compile_elapsed_time_unavailable_reason,peak_process_memory,peak_process_memory_unavailable_reason,total_magic_state_count,total_magic_state_depth,total_runtime_without_topology,total_runtime_without_topology_unavailable_reason,total_runtime_with_topology,total_runtime_with_topology_unavailable_reason,total_runtime_difference_vs_topology_free,total_runtime_difference_vs_topology_free_unavailable_reason,total_qubit_volume,total_qubit_volume_unavailable_reason,error_type,error_message
success,efficient_controlled_pf_one_step,linear_extrapolation_from_efficient_controlled_pf_one_step,H2,5,4,1,4th(new_2),2.8382192690687953,2.8382192690687953,2.8382192690687953,0,1,67581a3a9e597bc3a9f9f07044ca131b4e1412c18b0df36170463392be228d46,9ddc4d8452a4708259506a8d88fc66aad2f1cf88d5ace36bed7a1852707683bd,1e-05,883,29,353,8082,6566,1.2279072860922254e-05,4.0,0.00015936001019904,7415.679781259112,7416,rot_prec_1e-5_baseline,factory_center_block,/home/abe/Project/Evaluation_grouped_surface_code/configs/topologies/tutorial_factory_center_block.yaml,56d65fdff20bf18821c6b07e16fc8c1dcf7cb687b5868a60cc4cf1d178478bcc,,,disabled,Dim2,15,10000,fixed,100,10,1,ftqc_compile_topology_qec,/home/abe/Project/Evaluation_grouped_surface_code/build/quration/qret,d519cdb25446cf243053e84ffa559b7e6bd7dbd66365e1488d632208616dbbf5,1c94ed50014061fb,True,30499,,30500,,1,,96,,228773,,23232,,11,,,missing_in_compile_info,7.585715502500534e-05,,,not_collected,59936112,48693456,226180584,,226188000,,7416,,1696580568,,,
success,efficient_controlled_pf_one_step,linear_extrapolation_from_efficient_controlled_pf_one_step,H2,5,4,1,4th(new_2),2.8382192690687953,2.8382192690687953,2.8382192690687953,0,1,67581a3a9e597bc3a9f9f07044ca131b4e1412c18b0df36170463392be228d46,ea5658907ce371a2ff08b580a9c59ef09a87f0589b880adcf28901bd1d285765,3e-05,883,29,353,7174,5846,1.2279072860922254e-05,4.0,0.00015936001019904,7415.679781259112,7416,rot_prec_3e-5,factory_center_block,/home/abe/Project/Evaluation_grouped_surface_code/configs/topologies/tutorial_factory_center_block.yaml,56d65fdff20bf18821c6b07e16fc8c1dcf7cb687b5868a60cc4cf1d178478bcc,,,disabled,Dim2,15,10000,fixed,100,10,1,ftqc_compile_topology_qec,/home/abe/Project/Evaluation_grouped_surface_code/build/quration/qret,d519cdb25446cf243053e84ffa559b7e6bd7dbd66365e1488d632208616dbbf5,9817dd9a2214fb78,False,27086,,27087,,1,,96,,203706,,23232,,11,,,missing_in_compile_info,0.1778777688741684,,,not_collected,53202384,43353936,200869776,,200877192,,7416,,1510683696,,,
success,efficient_controlled_pf_one_step,linear_extrapolation_from_efficient_controlled_pf_one_step,H2,5,4,1,4th(new_2),2.8382192690687953,2.8382192690687953,2.8382192690687953,0,1,67581a3a9e597bc3a9f9f07044ca131b4e1412c18b0df36170463392be228d46,8f18dc05fb963b1d1a4b85989604ba67df2a879ea6df0e7a958a4f18064e8fdc,0.0001,883,29,353,6376,5184,1.2279072860922254e-05,4.0,0.00015936001019904,7415.679781259112,7416,rot_prec_1e-4,factory_center_block,/home/abe/Project/Evaluation_grouped_surface_code/configs/topologies/tutorial_factory_center_block.yaml,56d65fdff20bf18821c6b07e16fc8c1dcf7cb687b5868a60cc4cf1d178478bcc,,,disabled,Dim2,15,10000,fixed,100,10,1,ftqc_compile_topology_qec,/home/abe/Project/Evaluation_grouped_surface_code/build/quration/qret,d519cdb25446cf243053e84ffa559b7e6bd7dbd66365e1488d632208616dbbf5,d129aa27c4eb93d9,False,24028,,24029,,1,,96,,181792,,23232,,11,,,missing_in_compile_info,0.16436273697763681,,,not_collected,47284416,38444544,178191648,,178199064,,7416,,1348169472,,,
success,efficient_controlled_pf_one_step,linear_extrapolation_from_efficient_controlled_pf_one_step,H2,5,4,1,4th(new_2),2.8382192690687953,2.8382192690687953,2.8382192690687953,0,1,67581a3a9e597bc3a9f9f07044ca131b4e1412c18b0df36170463392be228d46,673141655a964e0182a470247a71ff31c0e3fa925a58165df30d58e75e2c7691,0.0003,883,29,353,5634,4602,1.2279072860922254e-05,4.0,0.00015936001019904,7415.679781259112,7416,rot_prec_3e-4,factory_center_block,/home/abe/Project/Evaluation_grouped_surface_code/configs/topologies/tutorial_factory_center_block.yaml,56d65fdff20bf18821c6b07e16fc8c1dcf7cb687b5868a60cc4cf1d178478bcc,,,disabled,Dim2,15,10000,fixed,100,10,1,ftqc_compile_topology_qec,/home/abe/Project/Evaluation_grouped_surface_code/build/quration/qret,d519cdb25446cf243053e84ffa559b7e6bd7dbd66365e1488d632208616dbbf5,39032cab793e8a7d,False,21609,,21610,,1,,96,,163677,,23232,,11,,,missing_in_compile_info,0.14225579239428043,,,not_collected,41781744,34128432,160252344,,160259760,,7416,,1213828632,,,
success,efficient_controlled_pf_one_step,linear_extrapolation_from_efficient_controlled_pf_one_step,H2,5,4,1,4th(new_2),2.8382192690687953,2.8382192690687953,2.8382192690687953,0,1,67581a3a9e597bc3a9f9f07044ca131b4e1412c18b0df36170463392be228d46,44a159d1e88fe1b77b12be9a927b592f899e65b68147f4a72401b25f0756ae13,0.001,883,29,353,4470,3638,1.2279072860922254e-05,4.0,0.00015936001019904,7415.679781259112,7416,rot_prec_1e-3,factory_center_block,/home/abe/Project/Evaluation_grouped_surface_code/configs/topologies/tutorial_factory_center_block.yaml,56d65fdff20bf18821c6b07e16fc8c1dcf7cb687b5868a60cc4cf1d178478bcc,,,disabled,Dim2,15,10000,fixed,100,10,1,ftqc_compile_topology_qec,/home/abe/Project/Evaluation_grouped_surface_code/build/quration/qret,d519cdb25446cf243053e84ffa559b7e6bd7dbd66365e1488d632208616dbbf5,1dbeb5244e72326a,False,17121,,17122,,1,,96,,131220,,23232,,11,,,missing_in_compile_info,0.11894283350557089,,,not_collected,33149520,26979408,126969336,,126976752,,7416,,973127520,,,
success,efficient_controlled_pf_one_step,linear_extrapolation_from_efficient_controlled_pf_one_step,H3,7,6,1,4th(new_2),2.5748937487913963,2.5748937487913963,2.5748937487913963,0,1,d60c900fd35fa21e961e1c65d6b635e848f1decde12c5b345ece522909c04bfc,357c95a1c5487a12785dc276d3bb3c29d3dc44562fec3880a54b768d53f8c2cf,1e-05,11095,163,4451,50534,47600,1.8126422630768925e-05,4.0,0.00015936001019904,8174.055825912302,8175,rot_prec_1e-5_baseline,factory_center_block,/home/abe/Project/Evaluation_grouped_surface_code/configs/topologies/tutorial_factory_center_block.yaml,56d65fdff20bf18821c6b07e16fc8c1dcf7cb687b5868a60cc4cf1d178478bcc,,,disabled,Dim2,15,10000,fixed,100,10,1,ftqc_compile_topology_qec,/home/abe/Project/Evaluation_grouped_surface_code/build/quration/qret,d519cdb25446cf243053e84ffa559b7e6bd7dbd66365e1488d632208616dbbf5,b4028d1830042239,True,221111,,221112,,1,,96,,2061051,,32448,,13,,,missing_in_compile_info,7.010810077190399e-05,,,not_collected,413115450,389130000,1807582425,,1807590600,,8175,,16849091925,,,
success,efficient_controlled_pf_one_step,linear_extrapolation_from_efficient_controlled_pf_one_step,H3,7,6,1,4th(new_2),2.5748937487913963,2.5748937487913963,2.5748937487913963,0,1,d60c900fd35fa21e961e1c65d6b635e848f1decde12c5b345ece522909c04bfc,81423eadc07baf61f92975298e4eaa8ebe34e32c720aed0ec31b52f8540b2c15,3e-05,11095,163,4451,45742,43104,1.8126422630768925e-05,4.0,0.00015936001019904,8174.055825912302,8175,rot_prec_3e-5,factory_center_block,/home/abe/Project/Evaluation_grouped_surface_code/configs/topologies/tutorial_factory_center_block.yaml,56d65fdff20bf18821c6b07e16fc8c1dcf7cb687b5868a60cc4cf1d178478bcc,,,disabled,Dim2,15,10000,fixed,100,10,1,ftqc_compile_topology_qec,/home/abe/Project/Evaluation_grouped_surface_code/build/quration/qret,d519cdb25446cf243053e84ffa559b7e6bd7dbd66365e1488d632208616dbbf5,cd959e78b20d05c6,False,201932,,201933,,1,,96,,1884816,,32448,,13,,,missing_in_compile_info,1.2637644419446588,,,not_collected,373940850,352375200,1650794100,,1650802275,,8175,,15408370800,,,
success,efficient_controlled_pf_one_step,linear_extrapolation_from_efficient_controlled_pf_one_step,H3,7,6,1,4th(new_2),2.5748937487913963,2.5748937487913963,2.5748937487913963,0,1,d60c900fd35fa21e961e1c65d6b635e848f1decde12c5b345ece522909c04bfc,1cc55cea6c38fd13366f7153b35eeafa2d8a7fe55a0b36e7c339d90f53683b8e,0.0001,11095,163,4451,40174,37820,1.8126422630768925e-05,4.0,0.00015936001019904,8174.055825912302,8175,rot_prec_1e-4,factory_center_block,/home/abe/Project/Evaluation_grouped_surface_code/configs/topologies/tutorial_factory_center_block.yaml,56d65fdff20bf18821c6b07e16fc8c1dcf7cb687b5868a60cc4cf1d178478bcc,,,disabled,Dim2,15,10000,fixed,100,10,1,ftqc_compile_topology_qec,/home/abe/Project/Evaluation_grouped_surface_code/build/quration/qret,d519cdb25446cf243053e84ffa559b7e6bd7dbd66365e1488d632208616dbbf5,21bde2aa2899717d,False,181937,,181938,,1,,96,,1698174,,32448,,13,,,missing_in_compile_info,1.1138728745281696,,,not_collected,328422450,309178500,1487334975,,1487343150,,8175,,13882572450,,,
success,efficient_controlled_pf_one_step,linear_extrapolation_from_efficient_controlled_pf_one_step,H3,7,6,1,4th(new_2),2.5748937487913963,2.5748937487913963,2.5748937487913963,0,1,d60c900fd35fa21e961e1c65d6b635e848f1decde12c5b345ece522909c04bfc,5863d304bb916575b6ca2a361dd140a8629707b8121427f9a572d7f26241a836,0.0003,11095,163,4451,35156,33144,1.8126422630768925e-05,4.0,0.00015936001019904,8174.055825912302,8175,rot_prec_3e-4,factory_center_block,/home/abe/Project/Evaluation_grouped_surface_code/configs/topologies/tutorial_factory_center_block.yaml,56d65fdff20bf18821c6b07e16fc8c1dcf7cb687b5868a60cc4cf1d178478bcc,,,disabled,Dim2,15,10000,fixed,100,10,1,ftqc_compile_topology_qec,/home/abe/Project/Evaluation_grouped_surface_code/build/quration/qret,d519cdb25446cf243053e84ffa559b7e6bd7dbd66365e1488d632208616dbbf5,64cbaed451b4e359,False,163208,,163209,,1,,96,,1524650,,32448,,13,,,missing_in_compile_info,1.0168667184188962,,,not_collected,287400300,270952200,1334225400,,1334233575,,8175,,12464013750,,,
success,efficient_controlled_pf_one_step,linear_extrapolation_from_efficient_controlled_pf_one_step,H3,7,6,1,4th(new_2),2.5748937487913963,2.5748937487913963,2.5748937487913963,0,1,d60c900fd35fa21e961e1c65d6b635e848f1decde12c5b345ece522909c04bfc,12794a39594b9ee6c881e1ff5a8bbf44367f6d1cb5c299b28918633f23a9ec87,0.001,11095,163,4451,28968,27276,1.8126422630768925e-05,4.0,0.00015936001019904,8174.055825912302,8175,rot_prec_1e-3,factory_center_block,/home/abe/Project/Evaluation_grouped_surface_code/configs/topologies/tutorial_factory_center_block.yaml,56d65fdff20bf18821c6b07e16fc8c1dcf7cb687b5868a60cc4cf1d178478bcc,,,disabled,Dim2,15,10000,fixed,100,10,1,ftqc_compile_topology_qec,/home/abe/Project/Evaluation_grouped_surface_code/build/quration/qret,d519cdb25446cf243053e84ffa559b7e6bd7dbd66365e1488d632208616dbbf5,9efd89ddc4a864e2,False,140473,,140474,,1,,96,,1315379,,32448,,13,,,missing_in_compile_info,0.8567275796085596,,,not_collected,236813400,222981300,1148366775,,1148374950,,8175,,10753223325,,,
success,efficient_controlled_pf_one_step,linear_extrapolation_from_efficient_controlled_pf_one_step,H4,9,8,1,4th(new_2),1.925283880931039,1.925283880931039,1.925283880931039,0,1,8690906cc9b138208b404e19cbe63537f4939ef24d3a0bfd4144174f03d90e82,6bca956b993ce88c16105a9cca48e0bb8b48bef7446d3cd872aa30a622c1cf0b,1e-05,51555,459,17423,184600,173748,5.799228940107614e-05,4.0,0.00015936001019904,10932.063295639966,10933,rot_prec_1e-5_baseline,factory_center_block,/home/abe/Project/Evaluation_grouped_surface_code/configs/topologies/tutorial_factory_center_block.yaml,56d65fdff20bf18821c6b07e16fc8c1dcf7cb687b5868a60cc4cf1d178478bcc,,,disabled,Dim2,15,10000,fixed,100,10,1,ftqc_compile_topology_qec,/home/abe/Project/Evaluation_grouped_surface_code/build/quration/qret,d519cdb25446cf243053e84ffa559b7e6bd7dbd66365e1488d632208616dbbf5,89a6fbac6c8eb4c4,True,814083,,814086,,3,,96,,9199159,,32448,,13,,,missing_in_compile_info,0.00010573305189609528,,,not_collected,2018231800,1899586884,8900369439,,8900402238,,32799,,100574405347,,,
success,efficient_controlled_pf_one_step,linear_extrapolation_from_efficient_controlled_pf_one_step,H4,9,8,1,4th(new_2),1.925283880931039,1.925283880931039,1.925283880931039,0,1,8690906cc9b138208b404e19cbe63537f4939ef24d3a0bfd4144174f03d90e82,e77d7ec9668d23d49d92537d3276480c64bde6270eb8c77e3cf0a30552191d28,3e-05,51555,459,17423,163386,153714,5.799228940107614e-05,4.0,0.00015936001019904,10932.063295639966,10933,rot_prec_3e-5,factory_center_block,/home/abe/Project/Evaluation_grouped_surface_code/configs/topologies/tutorial_factory_center_block.yaml,56d65fdff20bf18821c6b07e16fc8c1dcf7cb687b5868a60cc4cf1d178478bcc,,,disabled,Dim2,15,10000,fixed,100,10,1,ftqc_compile_topology_qec,/home/abe/Project/Evaluation_grouped_surface_code/build/quration/qret,d519cdb25446cf243053e84ffa559b7e6bd7dbd66365e1488d632208616dbbf5,6379c62bae3a833b,False,735014,,735021,,7,,96,,8317858,,32448,,13,,,missing_in_compile_info,4.983212337829173,,,not_collected,1786299138,1680555162,8035908062,,8035984593,,76531,,90939141514,,,
success,efficient_controlled_pf_one_step,linear_extrapolation_from_efficient_controlled_pf_one_step,H4,9,8,1,4th(new_2),1.925283880931039,1.925283880931039,1.925283880931039,0,1,8690906cc9b138208b404e19cbe63537f4939ef24d3a0bfd4144174f03d90e82,58c18bbbfcc369649c74aa9d1e358bd9c9df632e6041264825db0f3505b43fce,0.0001,51555,459,17423,146594,138010,5.799228940107614e-05,4.0,0.00015936001019904,10932.063295639966,10933,rot_prec_1e-4,factory_center_block,/home/abe/Project/Evaluation_grouped_surface_code/configs/topologies/tutorial_factory_center_block.yaml,56d65fdff20bf18821c6b07e16fc8c1dcf7cb687b5868a60cc4cf1d178478bcc,,,disabled,Dim2,15,10000,fixed,100,10,1,ftqc_compile_topology_qec,/home/abe/Project/Evaluation_grouped_surface_code/build/quration/qret,d519cdb25446cf243053e84ffa559b7e6bd7dbd66365e1488d632208616dbbf5,7f882ce83954c681,False,670191,,670192,,1,,96,,7600259,,32448,,13,,,missing_in_compile_info,4.637449172325432,,,not_collected,1602712202,1508863330,7327198203,,7327209136,,10933,,83093631647,,,
success,efficient_controlled_pf_one_step,linear_extrapolation_from_efficient_controlled_pf_one_step,H4,9,8,1,4th(new_2),1.925283880931039,1.925283880931039,1.925283880931039,0,1,8690906cc9b138208b404e19cbe63537f4939ef24d3a0bfd4144174f03d90e82,315a64ec059e88e6e702543b54259d6e7ec5a276ab4bea5b2204f4223e48f866,0.0003,51555,459,17423,124498,116970,5.799228940107614e-05,4.0,0.00015936001019904,10932.063295639966,10933,rot_prec_3e-4,factory_center_block,/home/abe/Project/Evaluation_grouped_surface_code/configs/topologies/tutorial_factory_center_block.yaml,56d65fdff20bf18821c6b07e16fc8c1dcf7cb687b5868a60cc4cf1d178478bcc,,,disabled,Dim2,15,10000,fixed,100,10,1,ftqc_compile_topology_qec,/home/abe/Project/Evaluation_grouped_surface_code/build/quration/qret,d519cdb25446cf243053e84ffa559b7e6bd7dbd66365e1488d632208616dbbf5,c2379f230076b1c3,False,580431,,580432,,1,,96,,6608922,,32448,,13,,,missing_in_compile_info,4.036046828143299,,,not_collected,1361136634,1278833010,6345852123,,6345863056,,10933,,72255344226,,,
success,efficient_controlled_pf_one_step,linear_extrapolation_from_efficient_controlled_pf_one_step,H4,9,8,1,4th(new_2),1.925283880931039,1.925283880931039,1.925283880931039,0,1,8690906cc9b138208b404e19cbe63537f4939ef24d3a0bfd4144174f03d90e82,4a8dd2c0cb7c5a311fb4621b9d8ea881584c5b8a24ffb5e9cb23ee1e04b92ba9,0.001,51555,459,17423,101798,95476,5.799228940107614e-05,4.0,0.00015936001019904,10932.063295639966,10933,rot_prec_1e-3,factory_center_block,/home/abe/Project/Evaluation_grouped_surface_code/configs/topologies/tutorial_factory_center_block.yaml,56d65fdff20bf18821c6b07e16fc8c1dcf7cb687b5868a60cc4cf1d178478bcc,,,disabled,Dim2,15,10000,fixed,100,10,1,ftqc_compile_topology_qec,/home/abe/Project/Evaluation_grouped_surface_code/build/quration/qret,d519cdb25446cf243053e84ffa559b7e6bd7dbd66365e1488d632208616dbbf5,c178c457551104f6,False,499087,,499078,,-9,,96,,5702270,,32448,,13,,,missing_in_compile_info,3.446685366332531,,,not_collected,1112957534,1043839108,5456518171,,5456419774,,-98397,,62342917910,,,
success,efficient_controlled_pf_one_step,linear_extrapolation_from_efficient_controlled_pf_one_step,H5,11,10,1,4th(new_2),2.162126261219541,2.162126261219541,2.162126261219541,0,1,e6248f75189a660f83bf043f3d95b4f557339da84775960bbbb8f0d14115e3e6,be867c2d23c889f82e0ad84860ad4cefeb908e09452eaa30a2b3a5b04b5e3b4d,1e-05,139143,1657,47102,475906,451262,3.646071207791769e-05,4.0,0.00015936001019904,9734.549561662418,9735,rot_prec_1e-5_baseline,factory_center_block,/home/abe/Project/Evaluation_grouped_surface_code/configs/topologies/tutorial_factory_center_block.yaml,56d65fdff20bf18821c6b07e16fc8c1dcf7cb687b5868a60cc4cf1d178478bcc,,,disabled,Dim2,15,10000,fixed,100,10,1,ftqc_compile_topology_qec,/home/abe/Project/Evaluation_grouped_surface_code/build/quration/qret,d519cdb25446cf243053e84ffa559b7e6bd7dbd66365e1488d632208616dbbf5,3353c8021d3d6330,True,2122265,,2122313,,48,,96,,28471935,,43200,,15,,,missing_in_compile_info,0.00011064112186431885,,,not_collected,4632944910,4393035570,20660249775,,20660717055,,467280,,277174287225,,,
success,efficient_controlled_pf_one_step,linear_extrapolation_from_efficient_controlled_pf_one_step,H5,11,10,1,4th(new_2),2.162126261219541,2.162126261219541,2.162126261219541,0,1,e6248f75189a660f83bf043f3d95b4f557339da84775960bbbb8f0d14115e3e6,e92974deba7522bc2ab4e7df2b0339ff13c53063c2b483d76975e921d6bddc58,3e-05,139143,1657,47102,430028,407674,3.646071207791769e-05,4.0,0.00015936001019904,9734.549561662418,9735,rot_prec_3e-5,factory_center_block,/home/abe/Project/Evaluation_grouped_surface_code/configs/topologies/tutorial_factory_center_block.yaml,56d65fdff20bf18821c6b07e16fc8c1dcf7cb687b5868a60cc4cf1d178478bcc,,,disabled,Dim2,15,10000,fixed,100,10,1,ftqc_compile_topology_qec,/home/abe/Project/Evaluation_grouped_surface_code/build/quration/qret,d519cdb25446cf243053e84ffa559b7e6bd7dbd66365e1488d632208616dbbf5,ae571202a43761e3,False,1954912,,1954964,,52,,96,,26270621,,43200,,15,,,missing_in_compile_info,14.315590375103056,,,not_collected,4186322580,3968706390,19031068320,,19031574540,,506220,,255744495435,,,
success,efficient_controlled_pf_one_step,linear_extrapolation_from_efficient_controlled_pf_one_step,H5,11,10,1,4th(new_2),2.162126261219541,2.162126261219541,2.162126261219541,0,1,e6248f75189a660f83bf043f3d95b4f557339da84775960bbbb8f0d14115e3e6,ddb19f1ace0f54de67d4f2e9a3cb5948f812c9c36ff85c88e08aabfdcf5112ab,0.0001,139143,1657,47102,374530,354916,3.646071207791769e-05,4.0,0.00015936001019904,9734.549561662418,9735,rot_prec_1e-4,factory_center_block,/home/abe/Project/Evaluation_grouped_surface_code/configs/topologies/tutorial_factory_center_block.yaml,56d65fdff20bf18821c6b07e16fc8c1dcf7cb687b5868a60cc4cf1d178478bcc,,,disabled,Dim2,15,10000,fixed,100,10,1,ftqc_compile_topology_qec,/home/abe/Project/Evaluation_grouped_surface_code/build/quration/qret,d519cdb25446cf243053e84ffa559b7e6bd7dbd66365e1488d632208616dbbf5,886e9c963e6c7ce3,False,1744980,,1745022,,42,,96,,23534553,,43200,,15,,,missing_in_compile_info,12.794074811041355,,,not_collected,3646049550,3455107260,16987380300,,16987789170,,408870,,229108873455,,,
success,efficient_controlled_pf_one_step,linear_extrapolation_from_efficient_controlled_pf_one_step,H5,11,10,1,4th(new_2),2.162126261219541,2.162126261219541,2.162126261219541,0,1,e6248f75189a660f83bf043f3d95b4f557339da84775960bbbb8f0d14115e3e6,eacf6b169b622d24c7cd7c302b17baa11762d46afcb7354c5c382beb79242ccc,0.0003,139143,1657,47102,318792,303162,3.646071207791769e-05,4.0,0.00015936001019904,9734.549561662418,9735,rot_prec_3e-4,factory_center_block,/home/abe/Project/Evaluation_grouped_surface_code/configs/topologies/tutorial_factory_center_block.yaml,56d65fdff20bf18821c6b07e16fc8c1dcf7cb687b5868a60cc4cf1d178478bcc,,,disabled,Dim2,15,10000,fixed,100,10,1,ftqc_compile_topology_qec,/home/abe/Project/Evaluation_grouped_surface_code/build/quration/qret,d519cdb25446cf243053e84ffa559b7e6bd7dbd66365e1488d632208616dbbf5,3ae1d15f0bd6c494,False,1530981,,1530942,,-39,,96,,20735819,,43200,,15,,,missing_in_compile_info,11.124144289642572,,,not_collected,3103440120,2951282070,14904100035,,14903720370,,-379665,,201863197965,,,
success,efficient_controlled_pf_one_step,linear_extrapolation_from_efficient_controlled_pf_one_step,H5,11,10,1,4th(new_2),2.162126261219541,2.162126261219541,2.162126261219541,0,1,e6248f75189a660f83bf043f3d95b4f557339da84775960bbbb8f0d14115e3e6,594b416f9c31ad668a03e32b3018c117e32a30edbab24a82f26a6d8510a1789d,0.001,139143,1657,47102,249358,237040,3.646071207791769e-05,4.0,0.00015936001019904,9734.549561662418,9735,rot_prec_1e-3,factory_center_block,/home/abe/Project/Evaluation_grouped_surface_code/configs/topologies/tutorial_factory_center_block.yaml,56d65fdff20bf18821c6b07e16fc8c1dcf7cb687b5868a60cc4cf1d178478bcc,,,disabled,Dim2,15,10000,fixed,100,10,1,ftqc_compile_topology_qec,/home/abe/Project/Evaluation_grouped_surface_code/build/quration/qret,d519cdb25446cf243053e84ffa559b7e6bd7dbd66365e1488d632208616dbbf5,d9108f076e6f9d92,False,1264458,,1264441,,-17,,96,,17235612,,43200,,15,,,missing_in_compile_info,9.193801214918494,,,not_collected,2427500130,2307584400,12309498630,,12309333135,,-165495,,167788682820,,,
success,efficient_controlled_pf_one_step,linear_extrapolation_from_efficient_controlled_pf_one_step,H6,13,12,1,4th(new_2),1.813703995296613,1.813703995296613,1.813703995296613,0,1,4f6d34061c9b4702a6a1d6a0107e7b52a7d246e50442fbf35a4d38f33f32ab76,523b0f82114685895d9f5b9afbdcab89ceb6b664e989851224ded58fcb6f3124,1e-05,319339,2780,102049,1025480,966388,7.363490222489213e-05,4.0,0.00015936001019904,11604.60874706923,11605,rot_prec_1e-5_baseline,factory_center_block,/home/abe/Project/Evaluation_grouped_surface_code/configs/topologies/tutorial_factory_center_block.yaml,56d65fdff20bf18821c6b07e16fc8c1dcf7cb687b5868a60cc4cf1d178478bcc,,,disabled,Dim2,15,10000,fixed,100,10,1,ftqc_compile_topology_qec,/home/abe/Project/Evaluation_grouped_surface_code/build/quration/qret,d519cdb25446cf243053e84ffa559b7e6bd7dbd66365e1488d632208616dbbf5,e5813406ab55f07d,True,4576285,,4576324,,39,,96,,70571187,,43200,,15,,,missing_in_compile_info,6.7148357629776e-05,,,not_collected,11900695400,11214932740,53107787425,,53108240020,,452595,,818978625135,,,
success,efficient_controlled_pf_one_step,linear_extrapolation_from_efficient_controlled_pf_one_step,H6,13,12,1,4th(new_2),1.813703995296613,1.813703995296613,1.813703995296613,0,1,4f6d34061c9b4702a6a1d6a0107e7b52a7d246e50442fbf35a4d38f33f32ab76,3b4c72832ba2717ba81f65847ce611e899c5d2013db8958f52b750a853ea95a3,3e-05,319339,2780,102049,919846,867738,7.363490222489213e-05,4.0,0.00015936001019904,11604.60874706923,11605,rot_prec_3e-5,factory_center_block,/home/abe/Project/Evaluation_grouped_surface_code/configs/topologies/tutorial_factory_center_block.yaml,56d65fdff20bf18821c6b07e16fc8c1dcf7cb687b5868a60cc4cf1d178478bcc,,,disabled,Dim2,15,10000,fixed,100,10,1,ftqc_compile_topology_qec,/home/abe/Project/Evaluation_grouped_surface_code/build/quration/qret,d519cdb25446cf243053e84ffa559b7e6bd7dbd66365e1488d632208616dbbf5,c19fc0423bc7292e,False,4202522,,4202560,,38,,96,,64863689,,43200,,15,,,missing_in_compile_info,31.890030234120786,,,not_collected,10674812830,10070099490,48770267810,,48770708800,,440990,,752743110845,,,
success,efficient_controlled_pf_one_step,linear_extrapolation_from_efficient_controlled_pf_one_step,H6,13,12,1,4th(new_2),1.813703995296613,1.813703995296613,1.813703995296613,0,1,4f6d34061c9b4702a6a1d6a0107e7b52a7d246e50442fbf35a4d38f33f32ab76,36d58336f9777811609c1eb42ad9fb1a3633c1eb5f84079c4fdf99776541f386,0.0001,319339,2780,102049,805978,760588,7.363490222489213e-05,4.0,0.00015936001019904,11604.60874706923,11605,rot_prec_1e-4,factory_center_block,/home/abe/Project/Evaluation_grouped_surface_code/configs/topologies/tutorial_factory_center_block.yaml,56d65fdff20bf18821c6b07e16fc8c1dcf7cb687b5868a60cc4cf1d178478bcc,,,disabled,Dim2,15,10000,fixed,100,10,1,ftqc_compile_topology_qec,/home/abe/Project/Evaluation_grouped_surface_code/build/quration/qret,d519cdb25446cf243053e84ffa559b7e6bd7dbd66365e1488d632208616dbbf5,3c6fcff2f38690a6,False,3756239,,3756281,,42,,96,,58172270,,43200,,15,,,missing_in_compile_info,28.65529343765229,,,not_collected,9353374690,8826623740,43591153595,,43591641005,,487410,,675089193350,,,
success,efficient_controlled_pf_one_step,linear_extrapolation_from_efficient_controlled_pf_one_step,H6,13,12,1,4th(new_2),1.813703995296613,1.813703995296613,1.813703995296613,0,1,4f6d34061c9b4702a6a1d6a0107e7b52a7d246e50442fbf35a4d38f33f32ab76,9c4970d38a6f1700c1278c8b3bff4ed3b1c4eda2e32a14248824f734b379bfae,0.0003,319339,2780,102049,690276,651534,7.363490222489213e-05,4.0,0.00015936001019904,11604.60874706923,11605,rot_prec_3e-4,factory_center_block,/home/abe/Project/Evaluation_grouped_surface_code/configs/topologies/tutorial_factory_center_block.yaml,56d65fdff20bf18821c6b07e16fc8c1dcf7cb687b5868a60cc4cf1d178478bcc,,,disabled,Dim2,15,10000,fixed,100,10,1,ftqc_compile_topology_qec,/home/abe/Project/Evaluation_grouped_surface_code/build/quration/qret,d519cdb25446cf243053e84ffa559b7e6bd7dbd66365e1488d632208616dbbf5,d6d53c500333cadc,False,3319515,,3319534,,19,,96,,51595408,,43200,,15,,,missing_in_compile_info,25.252877151593566,,,not_collected,8010652980,7561052070,38522971575,,38523192070,,220495,,598764709840,,,
success,efficient_controlled_pf_one_step,linear_extrapolation_from_efficient_controlled_pf_one_step,H6,13,12,1,4th(new_2),1.813703995296613,1.813703995296613,1.813703995296613,0,1,4f6d34061c9b4702a6a1d6a0107e7b52a7d246e50442fbf35a4d38f33f32ab76,e78485f7763478a6af4d5e745af90690f627f226c788df7f2b0c89bcb804a3af,0.001,319339,2780,102049,503892,477566,7.363490222489213e-05,4.0,0.00015936001019904,11604.60874706923,11605,rot_prec_1e-3,factory_center_block,/home/abe/Project/Evaluation_grouped_surface_code/configs/topologies/tutorial_factory_center_block.yaml,56d65fdff20bf18821c6b07e16fc8c1dcf7cb687b5868a60cc4cf1d178478bcc,,,disabled,Dim2,15,10000,fixed,100,10,1,ftqc_compile_topology_qec,/home/abe/Project/Evaluation_grouped_surface_code/build/quration/qret,d519cdb25446cf243053e84ffa559b7e6bd7dbd66365e1488d632208616dbbf5,d9ef865593de9cbd,False,2611755,,2611785,,30,,96,,40989975,,43200,,15,,,missing_in_compile_info,20.31707745231688,,,not_collected,5847666660,5542153430,30309416775,,30309764925,,348150,,475688659875,,,
success,efficient_controlled_pf_one_step,linear_extrapolation_from_efficient_controlled_pf_one_step,H7,15,14,1,4th(new_2),1.862995936162051,1.862995936162051,1.862995936162051,0,1,4406dbfd1fb59a7affb9165a4d61736887111abad5a640859ebc38f0585c6fac,356adddd9d9d958064ddbc64722e855d34bbebb9c40a3ce060d1473e539d02c1,1e-05,624783,5252,198389,1971706,1861610,6.614571617239694e-05,4.0,0.00015936001019904,11297.569060602986,11298,rot_prec_1e-5_baseline,factory_center_block,/home/abe/Project/Evaluation_grouped_surface_code/configs/topologies/tutorial_factory_center_block.yaml,56d65fdff20bf18821c6b07e16fc8c1dcf7cb687b5868a60cc4cf1d178478bcc,,,disabled,Dim2,15,10000,fixed,100,10,1,ftqc_compile_topology_qec,/home/abe/Project/Evaluation_grouped_surface_code/build/quration/qret,d519cdb25446cf243053e84ffa559b7e6bd7dbd66365e1488d632208616dbbf5,39ad58d4e5e7eab6,True,8870862,,8871048,,186,,96,,154319042,,55488,,17,,,missing_in_compile_info,0.00011760834604501724,,,not_collected,22276334388,21032469780,100222998876,,100225100304,,2101428,,1743496536516,,,
success,efficient_controlled_pf_one_step,linear_extrapolation_from_efficient_controlled_pf_one_step,H7,15,14,1,4th(new_2),1.862995936162051,1.862995936162051,1.862995936162051,0,1,4406dbfd1fb59a7affb9165a4d61736887111abad5a640859ebc38f0585c6fac,e43e1df80fe6bbfd2fea3bf8afb9131f317f3cc689c2411a3b813fe521a70ead,3e-05,624783,5252,198389,1771966,1674638,6.614571617239694e-05,4.0,0.00015936001019904,11297.569060602986,11298,rot_prec_3e-5,factory_center_block,/home/abe/Project/Evaluation_grouped_surface_code/configs/topologies/tutorial_factory_center_block.yaml,56d65fdff20bf18821c6b07e16fc8c1dcf7cb687b5868a60cc4cf1d178478bcc,,,disabled,Dim2,15,10000,fixed,100,10,1,ftqc_compile_topology_qec,/home/abe/Project/Evaluation_grouped_surface_code/build/quration/qret,d519cdb25446cf243053e84ffa559b7e6bd7dbd66365e1488d632208616dbbf5,4b750819e3be7381,False,8118847,,8118969,,122,,96,,141479072,,55488,,17,,,missing_in_compile_info,62.554894575849175,,,not_collected,20019671868,18920060124,91726733406,,91728111762,,1378356,,1598430555456,,,
success,efficient_controlled_pf_one_step,linear_extrapolation_from_efficient_controlled_pf_one_step,H7,15,14,1,4th(new_2),1.862995936162051,1.862995936162051,1.862995936162051,0,1,4406dbfd1fb59a7affb9165a4d61736887111abad5a640859ebc38f0585c6fac,2aa108b1d8e170574fe43cef43e9092b5d14f942848d590d49d564f7c8d61487,0.0001,624783,5252,198389,1558570,1472512,6.614571617239694e-05,4.0,0.00015936001019904,11297.569060602986,11298,rot_prec_1e-4,factory_center_block,/home/abe/Project/Evaluation_grouped_surface_code/configs/topologies/tutorial_factory_center_block.yaml,56d65fdff20bf18821c6b07e16fc8c1dcf7cb687b5868a60cc4cf1d178478bcc,,,disabled,Dim2,15,10000,fixed,100,10,1,ftqc_compile_topology_qec,/home/abe/Project/Evaluation_grouped_surface_code/build/quration/qret,d519cdb25446cf243053e84ffa559b7e6bd7dbd66365e1488d632208616dbbf5,ab02c53b95235050,False,7304338,,7304446,,108,,96,,127683531,,55488,,17,,,missing_in_compile_info,57.141678472049534,,,not_collected,17608723860,16636440576,82524410724,,82525630908,,1220184,,1442568533238,,,
success,efficient_controlled_pf_one_step,linear_extrapolation_from_efficient_controlled_pf_one_step,H7,15,14,1,4th(new_2),1.862995936162051,1.862995936162051,1.862995936162051,0,1,4406dbfd1fb59a7affb9165a4d61736887111abad5a640859ebc38f0585c6fac,c82f643cf4163a4d8bef5b2dc4a311c78af4c7707af65a5663b88816e10c25fe,0.0003,624783,5252,198389,1306666,1242004,6.614571617239694e-05,4.0,0.00015936001019904,11297.569060602986,11298,rot_prec_3e-4,factory_center_block,/home/abe/Project/Evaluation_grouped_surface_code/configs/topologies/tutorial_factory_center_block.yaml,56d65fdff20bf18821c6b07e16fc8c1dcf7cb687b5868a60cc4cf1d178478bcc,,,disabled,Dim2,15,10000,fixed,100,10,1,ftqc_compile_topology_qec,/home/abe/Project/Evaluation_grouped_surface_code/build/quration/qret,d519cdb25446cf243053e84ffa559b7e6bd7dbd66365e1488d632208616dbbf5,1cc995c5d1c8e7ae,False,6356061,,6356095,,34,,96,,111586110,,55488,,17,,,missing_in_compile_info,49.82819121517241,,,not_collected,14762712468,14032161192,71810777178,,71811161310,,384132,,1260699870780,,,
success,efficient_controlled_pf_one_step,linear_extrapolation_from_efficient_controlled_pf_one_step,H7,15,14,1,4th(new_2),1.862995936162051,1.862995936162051,1.862995936162051,0,1,4406dbfd1fb59a7affb9165a4d61736887111abad5a640859ebc38f0585c6fac,628976e843deed732b6f069739dc14534951d1fb5015824240291b3a41a84c14,0.001,624783,5252,198389,857628,814790,6.614571617239694e-05,4.0,0.00015936001019904,11297.569060602986,11298,rot_prec_1e-3,factory_center_block,/home/abe/Project/Evaluation_grouped_surface_code/configs/topologies/tutorial_factory_center_block.yaml,56d65fdff20bf18821c6b07e16fc8c1dcf7cb687b5868a60cc4cf1d178478bcc,,,disabled,Dim2,15,10000,fixed,100,10,1,ftqc_compile_topology_qec,/home/abe/Project/Evaluation_grouped_surface_code/build/quration/qret,d519cdb25446cf243053e84ffa559b7e6bd7dbd66365e1488d632208616dbbf5,7e1e2c1dc0f3d315,False,4631034,,4631061,,27,,96,,82421293,,43200,,15,,,missing_in_compile_info,37.61814748402685,,,not_collected,9689481144,9205497420,52321422132,,52321727178,,305046,,931195768314,,,
